solid 
facet normal -1.0 1.8167603127791054e-18 -1.1102230246251568e-16
outer loop
vertex -0.9999999999999999 0.0 -1.0
vertex -1.0 0.0 -6.123233995736766e-17
vertex -0.9999999999999999 0.03271908282177614 -0.9994645874763658
endloop
endfacet
facet normal 5.549652935186185e-17 0.016361731626482166 -0.9998661379095617
outer loop
vertex -0.9999999999999999 0.0 -1.0
vertex -0.9999999999999999 0.03271908282177614 -0.9994645874763658
vertex 1.0 0.0 -0.9999999999999999
endloop
endfacet
facet normal 1.1100744078502275e-16 0.016361731626485555 -0.9998661379095617
outer loop
vertex 1.0 0.0 -0.9999999999999999
vertex -0.9999999999999999 0.03271908282177614 -0.9994645874763658
vertex 1.0 0.03271908282177614 -0.9994645874763656
endloop
endfacet
facet normal 1.0 0.0 -0.0
outer loop
vertex 1.0 0.0 -0.9999999999999999
vertex 1.0 0.03271908282177614 -0.9994645874763656
vertex 1.0 0.0 6.123233995736766e-17
endloop
endfacet
facet normal -1.0 5.448335505891274e-18 -1.1090341700023335e-16
outer loop
vertex -0.9999999999999999 0.03271908282177614 -0.9994645874763658
vertex -1.0 0.0 -6.123233995736766e-17
vertex -0.9999999999999999 0.06540312923014306 -0.9978589232386036
endloop
endfacet
facet normal 1.1088952040269409e-16 0.04906767432742008 -0.9987954562051723
outer loop
vertex -0.9999999999999999 0.03271908282177614 -0.9994645874763658
vertex -0.9999999999999999 0.06540312923014306 -0.9978589232386036
vertex 1.0 0.03271908282177614 -0.9994645874763656
endloop
endfacet
facet normal 1.1088857123699695e-16 0.04906767432742008 -0.9987954562051723
outer loop
vertex 1.0 0.03271908282177614 -0.9994645874763656
vertex -0.9999999999999999 0.06540312923014306 -0.9978589232386036
vertex 1.0 0.06540312923014306 -0.9978589232386034
endloop
endfacet
facet normal 1.0 0.0 -0.0
outer loop
vertex 1.0 0.03271908282177614 -0.9994645874763656
vertex 1.0 0.06540312923014306 -0.9978589232386034
vertex 1.0 0.0 6.123233995736766e-17
endloop
endfacet
facet normal -1.0 9.074076484876601e-18 -1.1066577338119953e-16
outer loop
vertex -0.9999999999999999 0.06540312923014306 -0.9978589232386036
vertex -1.0 0.0 -6.123233995736766e-17
vertex -0.9999999999999999 0.0980171403295606 -0.995184726672197
endloop
endfacet
facet normal 1.107859821016645e-16 0.08172107413366607 -0.9966552393091804
outer loop
vertex -0.9999999999999999 0.06540312923014306 -0.9978589232386036
vertex -0.9999999999999999 0.0980171403295606 -0.995184726672197
vertex 1.0 0.06540312923014306 -0.9978589232386034
endloop
endfacet
facet normal 1.1065095942943475e-16 0.08172107413366607 -0.9966552393091804
outer loop
vertex 1.0 0.06540312923014306 -0.9978589232386034
vertex -0.9999999999999999 0.0980171403295606 -0.995184726672197
vertex 1.0 0.0980171403295606 -0.9951847266721968
endloop
endfacet
facet normal 1.0 0.0 -0.0
outer loop
vertex 1.0 0.06540312923014306 -0.9978589232386034
vertex 1.0 0.0980171403295606 -0.9951847266721968
vertex 1.0 0.0 6.123233995736766e-17
endloop
endfacet
facet normal -1.0 1.2690100715482044e-17 -1.1030962608015369e-16
outer loop
vertex -0.9999999999999999 0.0980171403295606 -0.995184726672197
vertex -1.0 0.0 -6.123233995736766e-17
vertex -0.9999999999999999 0.13052619222005157 -0.9914448613738105
endloop
endfacet
facet normal 1.1037182889754616e-16 0.11428696496684862 -0.993447779019444
outer loop
vertex -0.9999999999999999 0.0980171403295606 -0.995184726672197
vertex -0.9999999999999999 0.13052619222005157 -0.9914448613738105
vertex 1.0 0.0980171403295606 -0.9951847266721968
endloop
endfacet
facet normal 1.1029485980301113e-16 0.11428696496684862 -0.993447779019444
outer loop
vertex 1.0 0.0980171403295606 -0.9951847266721968
vertex -0.9999999999999999 0.13052619222005157 -0.9914448613738105
vertex 1.0 0.13052619222005157 -0.9914448613738103
endloop
endfacet
facet normal 1.0 0.0 -0.0
outer loop
vertex 1.0 0.0980171403295606 -0.9951847266721968
vertex 1.0 0.13052619222005157 -0.9914448613738103
vertex 1.0 0.0 6.123233995736766e-17
endloop
endfacet
facet normal -1.0 1.6292536068388256e-17 -1.0983535646854644e-16
outer loop
vertex -0.9999999999999999 0.13052619222005157 -0.9914448613738105
vertex -1.0 0.0 -6.123233995736766e-17
vertex -0.9999999999999999 0.1628954733945887 -0.9866433320848791
endloop
endfacet
facet normal 1.0975059909136864e-16 0.1467304744553618 -0.989176509964781
outer loop
vertex -0.9999999999999999 0.13052619222005157 -0.9914448613738105
vertex -0.9999999999999999 0.1628954733945887 -0.9866433320848791
vertex 1.0 0.13052619222005157 -0.9914448613738103
endloop
endfacet
facet normal 1.0982065367812555e-16 0.1467304744553618 -0.989176509964781
outer loop
vertex 1.0 0.13052619222005157 -0.9914448613738103
vertex -0.9999999999999999 0.1628954733945887 -0.9866433320848791
vertex 1.0 0.1628954733945887 -0.9866433320848789
endloop
endfacet
facet normal 1.0 0.0 -0.0
outer loop
vertex 1.0 0.13052619222005157 -0.9914448613738103
vertex 1.0 0.1628954733945887 -0.9866433320848789
vertex 1.0 0.0 6.123233995736766e-17
endloop
endfacet
facet normal -1.0 1.9877524965589112e-17 -1.0924347240615696e-16
outer loop
vertex -0.9999999999999999 0.1628954733945887 -0.9866433320848791
vertex -1.0 0.0 -6.123233995736766e-17
vertex -0.9999999999999999 0.19509032201612825 -0.9807852804032305
endloop
endfacet
facet normal 1.0933644588725017e-16 0.17901686127663233 -0.9838460059270775
outer loop
vertex -0.9999999999999999 0.1628954733945887 -0.9866433320848791
vertex -0.9999999999999999 0.19509032201612825 -0.9807852804032305
vertex 1.0 0.1628954733945887 -0.9866433320848789
endloop
endfacet
facet normal 1.0922884884657397e-16 0.17901686127663233 -0.9838460059270775
outer loop
vertex 1.0 0.1628954733945887 -0.9866433320848789
vertex -0.9999999999999999 0.19509032201612825 -0.9807852804032305
vertex 1.0 0.19509032201612825 -0.9807852804032303
endloop
endfacet
facet normal 1.0 0.0 -0.0
outer loop
vertex 1.0 0.1628954733945887 -0.9866433320848789
vertex 1.0 0.19509032201612825 -0.9807852804032303
vertex 1.0 0.0 6.123233995736766e-17
endloop
endfacet
facet normal -1.0 2.3441228511179167e-17 -1.0853460769726436e-16
outer loop
vertex -0.9999999999999999 0.19509032201612825 -0.9807852804032305
vertex -1.0 0.0 -6.123233995736766e-17
vertex -0.9999999999999999 0.2270762630343732 -0.9738769792773337
endloop
endfacet
facet normal 1.0850813947901343e-16 0.21111155235896503 -0.9774619749435719
outer loop
vertex -0.9999999999999999 0.19509032201612825 -0.9807852804032305
vertex -0.9999999999999999 0.2270762630343732 -0.9738769792773337
vertex 1.0 0.19509032201612825 -0.9807852804032303
endloop
endfacet
facet normal 1.0852007902779314e-16 0.21111155235896503 -0.9774619749435719
outer loop
vertex 1.0 0.19509032201612825 -0.9807852804032303
vertex -0.9999999999999999 0.2270762630343732 -0.9738769792773337
vertex 1.0 0.2270762630343732 -0.9738769792773335
endloop
endfacet
facet normal 1.0 0.0 -0.0
outer loop
vertex 1.0 0.19509032201612825 -0.9807852804032303
vertex 1.0 0.2270762630343732 -0.9738769792773335
vertex 1.0 0.0 6.123233995736766e-17
endloop
endfacet
facet normal -1.0 2.697983060214057e-17 -1.0770952141195406e-16
outer loop
vertex -0.9999999999999999 0.2270762630343732 -0.9738769792773337
vertex -1.0 0.0 -6.123233995736766e-17
vertex -0.9999999999999999 0.25881904510252074 -0.9659258262890684
endloop
endfacet
facet normal 1.076798330707768e-16 0.2429801799032628 -0.9700312531945443
outer loop
vertex -0.9999999999999999 0.2270762630343732 -0.9738769792773337
vertex -0.9999999999999999 0.25881904510252074 -0.9659258262890684
vertex 1.0 0.2270762630343732 -0.9738769792773335
endloop
endfacet
facet normal 1.076951031902578e-16 0.2429801799032628 -0.9700312531945443
outer loop
vertex 1.0 0.2270762630343732 -0.9738769792773335
vertex -0.9999999999999999 0.25881904510252074 -0.9659258262890684
vertex 1.0 0.25881904510252074 -0.9659258262890682
endloop
endfacet
facet normal 1.0 0.0 -0.0
outer loop
vertex 1.0 0.2270762630343732 -0.9738769792773335
vertex 1.0 0.25881904510252074 -0.9659258262890682
vertex 1.0 0.0 6.123233995736766e-17
endloop
endfacet
facet normal -1.0 3.048954201472261e-17 -1.0676909707328651e-16
outer loop
vertex -0.9999999999999999 0.25881904510252074 -0.9659258262890684
vertex -1.0 0.0 -6.123233995736766e-17
vertex -0.9999999999999999 0.29028467725446233 -0.9569403357322089
endloop
endfacet
facet normal 1.0685152666253997e-16 0.27458861818493435 -0.9615617976829615
outer loop
vertex -0.9999999999999999 0.25881904510252074 -0.9659258262890684
vertex -0.9999999999999999 0.29028467725446233 -0.9569403357322089
vertex 1.0 0.25881904510252074 -0.9659258262890682
endloop
endfacet
facet normal 1.0675480473875803e-16 0.27458861818493435 -0.9615617976829615
outer loop
vertex 1.0 0.25881904510252074 -0.9659258262890682
vertex -0.9999999999999999 0.29028467725446233 -0.9569403357322089
vertex 1.0 0.29028467725446233 -0.9569403357322087
endloop
endfacet
facet normal 1.0 0.0 -0.0
outer loop
vertex 1.0 0.25881904510252074 -0.9659258262890682
vertex 1.0 0.29028467725446233 -0.9569403357322087
vertex 1.0 0.0 6.123233995736766e-17
endloop
endfacet
facet normal -1.0 3.396660446203476e-17 -1.057143417111987e-16
outer loop
vertex -0.9999999999999999 0.29028467725446233 -0.9569403357322089
vertex -1.0 0.0 -6.123233995736766e-17
vertex -0.9999999999999999 0.32143946530316153 -0.9469301294951058
endloop
endfacet
facet normal 1.0602322025430333e-16 0.3059030200965518 -0.9520626777139248
outer loop
vertex -0.9999999999999999 0.29028467725446233 -0.9569403357322089
vertex -0.9999999999999999 0.32143946530316153 -0.9469301294951058
vertex 1.0 0.29028467725446233 -0.9569403357322087
endloop
endfacet
facet normal 1.0570019056842792e-16 0.3059030200965518 -0.9520626777139248
outer loop
vertex 1.0 0.29028467725446233 -0.9569403357322087
vertex -0.9999999999999999 0.32143946530316153 -0.9469301294951058
vertex 1.0 0.32143946530316153 -0.9469301294951056
endloop
endfacet
facet normal 1.0 0.0 -0.0
outer loop
vertex 1.0 0.29028467725446233 -0.9569403357322087
vertex 1.0 0.32143946530316153 -0.9469301294951056
vertex 1.0 0.0 6.123233995736766e-17
endloop
endfacet
facet normal -1.0 3.7407294618518755e-17 -1.0454638478415091e-16
outer loop
vertex -0.9999999999999999 0.32143946530316153 -0.9469301294951058
vertex -1.0 0.0 -6.123233995736766e-17
vertex -0.9999999999999999 0.3522500479212335 -0.9359059267573259
endloop
endfacet
facet normal 1.0436660743782969e-16 0.3368898533922189 -0.9415440651830213
outer loop
vertex -0.9999999999999999 0.32143946530316153 -0.9469301294951058
vertex -0.9999999999999999 0.3522500479212335 -0.9359059267573259
vertex 1.0 0.32143946530316153 -0.9469301294951056
endloop
endfacet
facet normal 1.0453238998653594e-16 0.3368898533922189 -0.9415440651830213
outer loop
vertex 1.0 0.32143946530316153 -0.9469301294951056
vertex -0.9999999999999999 0.3522500479212335 -0.9359059267573259
vertex 1.0 0.3522500479212335 -0.9359059267573256
endloop
endfacet
facet normal 1.0 0.0 -0.0
outer loop
vertex 1.0 0.32143946530316153 -0.9469301294951056
vertex 1.0 0.3522500479212335 -0.9359059267573256
vertex 1.0 0.0 6.123233995736766e-17
endloop
endfacet
facet normal -1.0 4.080792810697492e-17 -1.0326647696967469e-16
outer loop
vertex -0.9999999999999999 0.3522500479212335 -0.9359059267573259
vertex -1.0 0.0 -6.123233995736766e-17
vertex -0.9999999999999999 0.3826834323650898 -0.9238795325112868
endloop
endfacet
facet normal 1.0353830102959283e-16 0.3675159365947053 -0.9300172236840115
outer loop
vertex -0.9999999999999999 0.3522500479212335 -0.9359059267573259
vertex -0.9999999999999999 0.3826834323650898 -0.9238795325112868
vertex 1.0 0.3522500479212335 -0.9359059267573256
endloop
endfacet
facet normal 1.032526535031954e-16 0.3675159365947053 -0.9300172236840115
outer loop
vertex 1.0 0.3522500479212335 -0.9359059267573256
vertex -0.9999999999999999 0.3826834323650898 -0.9238795325112868
vertex 1.0 0.3826834323650898 -0.9238795325112866
endloop
endfacet
facet normal 1.0 0.0 -0.0
outer loop
vertex 1.0 0.3522500479212335 -0.9359059267573256
vertex 1.0 0.3826834323650898 -0.9238795325112866
vertex 1.0 0.0 6.123233995736766e-17
endloop
endfacet
facet normal -1.0 4.41648634438867e-17 -1.0187598882511648e-16
outer loop
vertex -0.9999999999999999 0.3826834323650898 -0.9238795325112868
vertex -1.0 0.0 -6.123233995736766e-17
vertex -0.9999999999999999 0.41270702980439467 -0.9108638249211759
endloop
endfacet
facet normal 1.0188168821311974e-16 0.39774847452701223 -0.9174944964474908
outer loop
vertex -0.9999999999999999 0.3826834323650898 -0.9238795325112868
vertex -0.9999999999999999 0.41270702980439467 -0.9108638249211759
vertex 1.0 0.3826834323650898 -0.9238795325112866
endloop
endfacet
facet normal 1.0186235149228682e-16 0.39774847452701223 -0.9174944964474908
outer loop
vertex 1.0 0.3826834323650898 -0.9238795325112866
vertex -0.9999999999999999 0.41270702980439467 -0.9108638249211759
vertex 1.0 0.41270702980439467 -0.9108638249211757
endloop
endfacet
facet normal 1.0 0.0 -0.0
outer loop
vertex 1.0 0.3826834323650898 -0.9238795325112866
vertex 1.0 0.41270702980439467 -0.9108638249211757
vertex 1.0 0.0 6.123233995736766e-17
endloop
endfacet
facet normal -1.0 -3.043266136866071e-15 -1.5007727755914595e-15
outer loop
vertex -0.9999999999999999 0.41270702980439467 -0.9108638249211759
vertex -1.0 0.0 -6.123233995736766e-17
vertex -1.0 0.44228869021900125 -0.8968727415326885
endloop
endfacet
facet normal 1.0022507539664603e-16 0.42755509343027936 -0.9039892931234444
outer loop
vertex -0.9999999999999999 0.41270702980439467 -0.9108638249211759
vertex -1.0 0.44228869021900125 -0.8968727415326885
vertex 1.0 0.41270702980439467 -0.9108638249211757
endloop
endfacet
facet normal 1.0036297272402677e-16 0.42755509343027936 -0.9039892931234444
outer loop
vertex 1.0 0.41270702980439467 -0.9108638249211757
vertex -1.0 0.44228869021900125 -0.8968727415326885
vertex 1.0 0.44228869021900125 -0.8968727415326883
endloop
endfacet
facet normal 1.0 0.0 -0.0
outer loop
vertex 1.0 0.41270702980439467 -0.9108638249211757
vertex 1.0 0.44228869021900125 -0.8968727415326883
vertex 1.0 0.0 6.123233995736766e-17
endloop
endfacet
facet normal -1.0 0.0 0.0
outer loop
vertex -1.0 0.44228869021900125 -0.8968727415326885
vertex -1.0 0.0 -6.123233995736766e-17
vertex -1.0 0.4713967368259976 -0.8819212643483552
endloop
endfacet
facet normal 9.856846258017254e-17 0.456903875630422 -0.8895160754218553
outer loop
vertex -1.0 0.44228869021900125 -0.8968727415326885
vertex -1.0 0.4713967368259976 -0.8819212643483552
vertex 1.0 0.44228869021900125 -0.8968727415326883
endloop
endfacet
facet normal 9.87561227707551e-17 0.456903875630422 -0.8895160754218553
outer loop
vertex 1.0 0.44228869021900125 -0.8968727415326883
vertex -1.0 0.4713967368259976 -0.8819212643483552
vertex 1.0 0.4713967368259976 -0.8819212643483549
endloop
endfacet
facet normal 1.0 0.0 -0.0
outer loop
vertex 1.0 0.44228869021900125 -0.8968727415326883
vertex 1.0 0.4713967368259976 -0.8819212643483549
vertex 1.0 0.0 6.123233995736766e-17
endloop
endfacet
facet normal -1.0 0.0 0.0
outer loop
vertex -1.0 0.4713967368259976 -0.8819212643483552
vertex -1.0 0.0 -6.123233995736766e-17
vertex -1.0 0.49999999999999994 -0.8660254037844388
endloop
endfacet
facet normal 9.691184976369908e-17 0.4857633937163389 -0.8740903416267592
outer loop
vertex -1.0 0.4713967368259976 -0.8819212643483552
vertex -1.0 0.49999999999999994 -0.8660254037844388
vertex 1.0 0.4713967368259976 -0.8819212643483549
endloop
endfacet
facet normal 9.70435222876497e-17 0.4857633937163389 -0.8740903416267592
outer loop
vertex 1.0 0.4713967368259976 -0.8819212643483549
vertex -1.0 0.49999999999999994 -0.8660254037844388
vertex 1.0 0.49999999999999994 -0.8660254037844386
endloop
endfacet
facet normal 1.0 0.0 -0.0
outer loop
vertex 1.0 0.4713967368259976 -0.8819212643483549
vertex 1.0 0.49999999999999994 -0.8660254037844386
vertex 1.0 0.0 6.123233995736766e-17
endloop
endfacet
facet normal -1.0 0.0 0.0
outer loop
vertex -1.0 0.49999999999999994 -0.8660254037844388
vertex -1.0 0.0 -6.123233995736766e-17
vertex -1.0 0.5280678506503679 -0.8492021815265791
endloop
endfacet
facet normal 9.52552369472258e-17 0.5141027441932213 -0.8577286100002722
outer loop
vertex -1.0 0.49999999999999994 -0.8660254037844388
vertex -1.0 0.5280678506503679 -0.8492021815265791
vertex 1.0 0.49999999999999994 -0.8660254037844386
endloop
endfacet
facet normal 9.522700517020335e-17 0.5141027441932213 -0.8577286100002722
outer loop
vertex 1.0 0.49999999999999994 -0.8660254037844386
vertex -1.0 0.5280678506503679 -0.8492021815265791
vertex 1.0 0.5280678506503679 -0.8492021815265789
endloop
endfacet
facet normal 1.0 0.0 -0.0
outer loop
vertex 1.0 0.49999999999999994 -0.8660254037844386
vertex 1.0 0.5280678506503679 -0.8492021815265789
vertex 1.0 0.0 6.123233995736766e-17
endloop
endfacet
facet normal -1.0 0.0 0.0
outer loop
vertex -1.0 0.5280678506503679 -0.8492021815265791
vertex -1.0 0.0 -6.123233995736766e-17
vertex -1.0 0.5555702330196022 -0.8314696123025453
endloop
endfacet
facet normal 9.277031772251499e-17 0.5418915805747533 -0.8404484010944372
outer loop
vertex -1.0 0.5280678506503679 -0.8492021815265791
vertex -1.0 0.5555702330196022 -0.8314696123025453
vertex 1.0 0.5280678506503679 -0.8492021815265789
endloop
endfacet
facet normal 9.330851659044428e-17 0.5418915805747533 -0.8404484010944372
outer loop
vertex 1.0 0.5280678506503679 -0.8492021815265789
vertex -1.0 0.5555702330196022 -0.8314696123025453
vertex 1.0 0.5555702330196022 -0.8314696123025451
endloop
endfacet
facet normal 1.0 0.0 -0.0
outer loop
vertex 1.0 0.5280678506503679 -0.8492021815265789
vertex 1.0 0.5555702330196022 -0.8314696123025451
vertex 1.0 0.0 6.123233995736766e-17
endloop
endfacet
facet normal -1.0 0.0 0.0
outer loop
vertex -1.0 0.5555702330196022 -0.8314696123025453
vertex -1.0 0.0 -6.123233995736766e-17
vertex -1.0 0.5824776968678022 -0.8128466845916154
endloop
endfacet
facet normal 9.111370490604177e-17 0.5691001458788969 -0.822268218989776
outer loop
vertex -1.0 0.5555702330196022 -0.8314696123025453
vertex -1.0 0.5824776968678022 -0.8128466845916154
vertex 1.0 0.5555702330196022 -0.8314696123025451
endloop
endfacet
facet normal 9.129011091399697e-17 0.5691001458788969 -0.822268218989776
outer loop
vertex 1.0 0.5555702330196022 -0.8314696123025451
vertex -1.0 0.5824776968678022 -0.8128466845916154
vertex 1.0 0.5824776968678022 -0.8128466845916151
endloop
endfacet
facet normal 1.0 0.0 -0.0
outer loop
vertex 1.0 0.5555702330196022 -0.8314696123025451
vertex 1.0 0.5824776968678022 -0.8128466845916151
vertex 1.0 0.0 6.123233995736766e-17
endloop
endfacet
facet normal -1.0 0.0 0.0
outer loop
vertex -1.0 0.5824776968678022 -0.8128466845916154
vertex -1.0 0.0 -6.123233995736766e-17
vertex -1.0 0.6087614290087205 -0.7933533402912354
endloop
endfacet
facet normal 8.94570920895687e-17 0.595699304492433 -0.803207531480645
outer loop
vertex -1.0 0.5824776968678022 -0.8128466845916154
vertex -1.0 0.6087614290087205 -0.7933533402912354
vertex 1.0 0.5824776968678022 -0.8128466845916151
endloop
endfacet
facet normal 8.917394950021474e-17 0.595699304492433 -0.803207531480645
outer loop
vertex 1.0 0.5824776968678022 -0.8128466845916151
vertex -1.0 0.6087614290087205 -0.7933533402912354
vertex 1.0 0.6087614290087205 -0.7933533402912352
endloop
endfacet
facet normal 1.0 0.0 -0.0
outer loop
vertex 1.0 0.5824776968678022 -0.8128466845916151
vertex 1.0 0.6087614290087205 -0.7933533402912352
vertex 1.0 0.0 6.123233995736766e-17
endloop
endfacet
facet normal -1.0 0.0 0.0
outer loop
vertex -1.0 0.6087614290087205 -0.7933533402912354
vertex -1.0 0.0 -6.123233995736766e-17
vertex -1.0 0.6343932841636455 -0.7730104533627371
endloop
endfacet
facet normal 8.614386645662107e-17 0.6216605733700776 -0.7832867492286502
outer loop
vertex -1.0 0.6087614290087205 -0.7933533402912354
vertex -1.0 0.6343932841636455 -0.7730104533627371
vertex 1.0 0.6087614290087205 -0.7933533402912352
endloop
endfacet
facet normal 8.696229838774385e-17 0.6216605733700776 -0.7832867492286502
outer loop
vertex 1.0 0.6087614290087205 -0.7933533402912352
vertex -1.0 0.6343932841636455 -0.7730104533627371
vertex 1.0 0.6343932841636455 -0.7730104533627369
endloop
endfacet
facet normal 1.0 0.0 -0.0
outer loop
vertex 1.0 0.6087614290087205 -0.7933533402912352
vertex 1.0 0.6343932841636455 -0.7730104533627369
vertex 1.0 0.0 6.123233995736766e-17
endloop
endfacet
facet normal -1.0 0.0 0.0
outer loop
vertex -1.0 0.6343932841636455 -0.7730104533627371
vertex -1.0 0.0 -6.123233995736766e-17
vertex -1.0 0.6593458151000688 -0.7518398074789776
endloop
endfacet
facet normal 8.448725364014802e-17 0.6469561525348564 -0.7625272039063888
outer loop
vertex -1.0 0.6343932841636455 -0.7730104533627371
vertex -1.0 0.6593458151000688 -0.7518398074789776
vertex 1.0 0.6343932841636455 -0.7730104533627369
endloop
endfacet
facet normal 8.465752586799145e-17 0.6469561525348564 -0.7625272039063888
outer loop
vertex 1.0 0.6343932841636455 -0.7730104533627369
vertex -1.0 0.6593458151000688 -0.7518398074789776
vertex 1.0 0.6593458151000688 -0.7518398074789774
endloop
endfacet
facet normal 1.0 0.0 -0.0
outer loop
vertex 1.0 0.6343932841636455 -0.7730104533627369
vertex 1.0 0.6593458151000688 -0.7518398074789774
vertex 1.0 0.0 6.123233995736766e-17
endloop
endfacet
facet normal -1.0 0.0 0.0
outer loop
vertex -1.0 0.6593458151000688 -0.7518398074789776
vertex -1.0 0.0 -6.123233995736766e-17
vertex -1.0 0.6835923020228712 -0.7298640726978358
endloop
endfacet
facet normal 8.117402800720085e-17 0.6715589548470193 -0.7409511253549582
outer loop
vertex -1.0 0.6593458151000688 -0.7518398074789776
vertex -1.0 0.6835923020228712 -0.7298640726978358
vertex 1.0 0.6593458151000688 -0.7518398074789774
endloop
endfacet
facet normal 8.226209994909952e-17 0.6715589548470193 -0.7409511253549582
outer loop
vertex 1.0 0.6593458151000688 -0.7518398074789774
vertex -1.0 0.6835923020228712 -0.7298640726978358
vertex 1.0 0.6835923020228712 -0.7298640726978356
endloop
endfacet
facet normal 1.0 0.0 -0.0
outer loop
vertex 1.0 0.6593458151000688 -0.7518398074789774
vertex 1.0 0.6835923020228712 -0.7298640726978356
vertex 1.0 0.0 6.123233995736766e-17
endloop
endfacet
facet normal -1.0 0.0 0.0
outer loop
vertex -1.0 0.6835923020228712 -0.7298640726978358
vertex -1.0 0.0 -6.123233995736766e-17
vertex -1.0 0.7071067811865475 -0.7071067811865477
endloop
endfacet
facet normal 7.951741519072747e-17 0.6954426350096121 -0.7185816177796975
outer loop
vertex -1.0 0.6835923020228712 -0.7298640726978358
vertex -1.0 0.7071067811865475 -0.7071067811865477
vertex 1.0 0.6835923020228712 -0.7298640726978356
endloop
endfacet
facet normal 7.97785857131414e-17 0.6954426350096121 -0.7185816177796975
outer loop
vertex 1.0 0.6835923020228712 -0.7298640726978356
vertex -1.0 0.7071067811865475 -0.7071067811865477
vertex 1.0 0.7071067811865475 -0.7071067811865475
endloop
endfacet
facet normal 1.0 0.0 -0.0
outer loop
vertex 1.0 0.6835923020228712 -0.7298640726978356
vertex 1.0 0.7071067811865475 -0.7071067811865475
vertex 1.0 0.0 6.123233995736766e-17
endloop
endfacet
facet normal -1.0 0.0 0.0
outer loop
vertex -1.0 0.7071067811865475 -0.7071067811865477
vertex -1.0 0.0 -6.123233995736766e-17
vertex -1.0 0.7298640726978356 -0.6835923020228715
endloop
endfacet
facet normal 7.620418955778049e-17 0.7185816177796975 -0.6954426350096121
outer loop
vertex -1.0 0.7071067811865475 -0.7071067811865477
vertex -1.0 0.7298640726978356 -0.6835923020228715
vertex 1.0 0.7071067811865475 -0.7071067811865475
endloop
endfacet
facet normal 7.720964256936603e-17 0.7185816177796975 -0.6954426350096121
outer loop
vertex 1.0 0.7071067811865475 -0.7071067811865475
vertex -1.0 0.7298640726978356 -0.6835923020228715
vertex 1.0 0.7298640726978356 -0.6835923020228712
endloop
endfacet
facet normal 1.0 0.0 -0.0
outer loop
vertex 1.0 0.7071067811865475 -0.7071067811865475
vertex 1.0 0.7298640726978356 -0.6835923020228712
vertex 1.0 0.0 6.123233995736766e-17
endloop
endfacet
facet normal -1.0 0.0 0.0
outer loop
vertex -1.0 0.7298640726978356 -0.6835923020228715
vertex -1.0 0.0 -6.123233995736766e-17
vertex -1.0 0.7518398074789774 -0.6593458151000691
endloop
endfacet
facet normal 7.45475767413069e-17 0.7409511253549582 -0.6715589548470193
outer loop
vertex -1.0 0.7298640726978356 -0.6835923020228715
vertex -1.0 0.7518398074789774 -0.6593458151000691
vertex 1.0 0.7298640726978356 -0.6835923020228712
endloop
endfacet
facet normal 7.455802140643667e-17 0.7409511253549582 -0.6715589548470193
outer loop
vertex 1.0 0.7298640726978356 -0.6835923020228712
vertex -1.0 0.7518398074789774 -0.6593458151000691
vertex 1.0 0.7518398074789774 -0.6593458151000688
endloop
endfacet
facet normal 1.0 0.0 -0.0
outer loop
vertex 1.0 0.7298640726978356 -0.6835923020228712
vertex 1.0 0.7518398074789774 -0.6593458151000688
vertex 1.0 0.0 6.123233995736766e-17
endloop
endfacet
facet normal -1.0 0.0 0.0
outer loop
vertex -1.0 0.7518398074789774 -0.6593458151000691
vertex -1.0 0.0 -6.123233995736766e-17
vertex -1.0 0.7730104533627369 -0.6343932841636457
endloop
endfacet
facet normal 7.123435110836009e-17 0.7625272039063888 -0.6469561525348564
outer loop
vertex -1.0 0.7518398074789774 -0.6593458151000691
vertex -1.0 0.7730104533627369 -0.6343932841636457
vertex 1.0 0.7518398074789774 -0.6593458151000688
endloop
endfacet
facet normal 7.182656164671024e-17 0.7625272039063888 -0.6469561525348564
outer loop
vertex 1.0 0.7518398074789774 -0.6593458151000688
vertex -1.0 0.7730104533627369 -0.6343932841636457
vertex 1.0 0.7730104533627369 -0.6343932841636455
endloop
endfacet
facet normal 1.0 0.0 -0.0
outer loop
vertex 1.0 0.7518398074789774 -0.6593458151000688
vertex 1.0 0.7730104533627369 -0.6343932841636455
vertex 1.0 0.0 6.123233995736766e-17
endloop
endfacet
facet normal -1.0 0.0 0.0
outer loop
vertex -1.0 0.7730104533627369 -0.6343932841636457
vertex -1.0 0.0 -6.123233995736766e-17
vertex -1.0 0.7933533402912352 -0.6087614290087208
endloop
endfacet
facet normal 6.792112547541277e-17 0.7832867492286502 -0.6216605733700776
outer loop
vertex -1.0 0.7730104533627369 -0.6343932841636457
vertex -1.0 0.7933533402912352 -0.6087614290087208
vertex 1.0 0.7730104533627369 -0.6343932841636455
endloop
endfacet
facet normal 6.901818820571366e-17 0.7832867492286502 -0.6216605733700776
outer loop
vertex 1.0 0.7730104533627369 -0.6343932841636455
vertex -1.0 0.7933533402912352 -0.6087614290087208
vertex 1.0 0.7933533402912352 -0.6087614290087205
endloop
endfacet
facet normal 1.0 0.0 -0.0
outer loop
vertex 1.0 0.7730104533627369 -0.6343932841636455
vertex 1.0 0.7933533402912352 -0.6087614290087205
vertex 1.0 0.0 6.123233995736766e-17
endloop
endfacet
facet normal -1.0 0.0 0.0
outer loop
vertex -1.0 0.7933533402912352 -0.6087614290087208
vertex -1.0 0.0 -6.123233995736766e-17
vertex -1.0 0.8128466845916151 -0.5824776968678024
endloop
endfacet
facet normal 6.626451265893977e-17 0.803207531480645 -0.595699304492433
outer loop
vertex -1.0 0.7933533402912352 -0.6087614290087208
vertex -1.0 0.8128466845916151 -0.5824776968678024
vertex 1.0 0.7933533402912352 -0.6087614290087205
endloop
endfacet
facet normal 6.613590836006911e-17 0.803207531480645 -0.595699304492433
outer loop
vertex 1.0 0.7933533402912352 -0.6087614290087205
vertex -1.0 0.8128466845916151 -0.5824776968678024
vertex 1.0 0.8128466845916151 -0.5824776968678022
endloop
endfacet
facet normal 1.0 0.0 -0.0
outer loop
vertex 1.0 0.7933533402912352 -0.6087614290087205
vertex 1.0 0.8128466845916151 -0.5824776968678022
vertex 1.0 0.0 6.123233995736766e-17
endloop
endfacet
facet normal -1.0 0.0 0.0
outer loop
vertex -1.0 0.8128466845916151 -0.5824776968678024
vertex -1.0 0.0 -6.123233995736766e-17
vertex -1.0 0.8314696123025451 -0.5555702330196025
endloop
endfacet
facet normal 6.295128702599267e-17 0.822268218989775 -0.5691001458788986
outer loop
vertex -1.0 0.8128466845916151 -0.5824776968678024
vertex -1.0 0.8314696123025451 -0.5555702330196025
vertex 1.0 0.8128466845916151 -0.5824776968678022
endloop
endfacet
facet normal 6.318280852722886e-17 0.822268218989775 -0.5691001458788986
outer loop
vertex 1.0 0.8128466845916151 -0.5824776968678022
vertex -1.0 0.8314696123025451 -0.5555702330196025
vertex 1.0 0.8314696123025451 -0.5555702330196023
endloop
endfacet
facet normal 1.0 0.0 -0.0
outer loop
vertex 1.0 0.8128466845916151 -0.5824776968678022
vertex 1.0 0.8314696123025451 -0.5555702330196023
vertex 1.0 0.0 6.123233995736766e-17
endloop
endfacet
facet normal -1.0 0.0 0.0
outer loop
vertex -1.0 0.8314696123025451 -0.5555702330196025
vertex -1.0 0.0 -6.123233995736766e-17
vertex -1.0 0.8492021815265789 -0.5280678506503682
endloop
endfacet
facet normal 5.963806139304535e-17 0.8404484010944372 -0.5418915805747533
outer loop
vertex -1.0 0.8314696123025451 -0.5555702330196025
vertex -1.0 0.8492021815265789 -0.5280678506503682
vertex 1.0 0.8314696123025451 -0.5555702330196023
endloop
endfacet
facet normal 6.016205096046093e-17 0.8404484010944372 -0.5418915805747533
outer loop
vertex 1.0 0.8314696123025451 -0.5555702330196023
vertex -1.0 0.8492021815265789 -0.5280678506503682
vertex 1.0 0.8492021815265789 -0.528067850650368
endloop
endfacet
facet normal 1.0 0.0 -0.0
outer loop
vertex 1.0 0.8314696123025451 -0.5555702330196023
vertex 1.0 0.8492021815265789 -0.528067850650368
vertex 1.0 0.0 6.123233995736766e-17
endloop
endfacet
facet normal -1.0 0.0 0.0
outer loop
vertex -1.0 0.8492021815265789 -0.5280678506503682
vertex -1.0 0.0 -6.123233995736766e-17
vertex -1.0 0.8660254037844386 -0.5000000000000002
endloop
endfacet
facet normal 5.71531421683354e-17 0.8577286100002728 -0.5141027441932207
outer loop
vertex -1.0 0.8492021815265789 -0.5280678506503682
vertex -1.0 0.8660254037844386 -0.5000000000000002
vertex 1.0 0.8492021815265789 -0.528067850650368
endloop
endfacet
facet normal 5.707687036262906e-17 0.8577286100002728 -0.5141027441932207
outer loop
vertex 1.0 0.8492021815265789 -0.528067850650368
vertex -1.0 0.8660254037844386 -0.5000000000000002
vertex 1.0 0.8660254037844386 -0.5
endloop
endfacet
facet normal 1.0 0.0 -0.0
outer loop
vertex 1.0 0.8492021815265789 -0.528067850650368
vertex 1.0 0.8660254037844386 -0.5
vertex 1.0 0.0 6.123233995736766e-17
endloop
endfacet
facet normal -1.0 0.0 0.0
outer loop
vertex -1.0 0.8660254037844386 -0.5000000000000002
vertex -1.0 0.0 -6.123233995736766e-17
vertex -1.0 0.8819212643483549 -0.47139673682599786
endloop
endfacet
facet normal 5.383991653538837e-17 0.8740903416267592 -0.4857633937163389
outer loop
vertex -1.0 0.8660254037844386 -0.5000000000000002
vertex -1.0 0.8819212643483549 -0.47139673682599786
vertex 1.0 0.8660254037844386 -0.5
endloop
endfacet
facet normal 2.6965285211196817e-17 0.8740903416267587 -0.48576339371634053
outer loop
vertex 1.0 0.8660254037844386 -0.5
vertex -1.0 0.8819212643483549 -0.47139673682599786
vertex 1.0 0.8819212643483549 -0.47139673682599775
endloop
endfacet
facet normal 1.0 0.0 -0.0
outer loop
vertex 1.0 0.8660254037844386 -0.5
vertex 1.0 0.8819212643483549 -0.47139673682599775
vertex 1.0 0.0 6.123233995736766e-17
endloop
endfacet
facet normal -1.0 0.0 0.0
outer loop
vertex -1.0 0.8819212643483549 -0.47139673682599786
vertex -1.0 0.0 -6.123233995736766e-17
vertex -1.0 0.8968727415326883 -0.4422886902190015
endloop
endfacet
facet normal 2.484919224710232e-17 0.8895160754218553 -0.456903875630422
outer loop
vertex -1.0 0.8819212643483549 -0.47139673682599786
vertex -1.0 0.8968727415326883 -0.4422886902190015
vertex 1.0 0.8819212643483549 -0.47139673682599775
endloop
endfacet
facet normal 2.5363260138268174e-17 0.8895160754218553 -0.456903875630422
outer loop
vertex 1.0 0.8819212643483549 -0.47139673682599775
vertex -1.0 0.8968727415326883 -0.4422886902190015
vertex 1.0 0.8968727415326883 -0.4422886902190014
endloop
endfacet
facet normal 1.0 0.0 -0.0
outer loop
vertex 1.0 0.8819212643483549 -0.47139673682599775
vertex 1.0 0.8968727415326883 -0.4422886902190014
vertex 1.0 0.0 6.123233995736766e-17
endloop
endfacet
facet normal -1.0 0.0 0.0
outer loop
vertex -1.0 0.8968727415326883 -0.4422886902190015
vertex -1.0 0.0 -6.123233995736766e-17
vertex -1.0 0.9108638249211757 -0.412707029804395
endloop
endfacet
facet normal 2.402088583886562e-17 0.9039892931234443 -0.4275550934302801
outer loop
vertex -1.0 0.8968727415326883 -0.4422886902190015
vertex -1.0 0.9108638249211757 -0.412707029804395
vertex 1.0 0.8968727415326883 -0.4422886902190014
endloop
endfacet
facet normal 2.3734075451102848e-17 0.9039892931234443 -0.4275550934302801
outer loop
vertex 1.0 0.8968727415326883 -0.4422886902190014
vertex -1.0 0.9108638249211757 -0.412707029804395
vertex 1.0 0.9108638249211757 -0.4127070298043949
endloop
endfacet
facet normal 1.0 0.0 -0.0
outer loop
vertex 1.0 0.8968727415326883 -0.4422886902190014
vertex 1.0 0.9108638249211757 -0.4127070298043949
vertex 1.0 0.0 6.123233995736766e-17
endloop
endfacet
facet normal -1.0 0.0 0.0
outer loop
vertex -1.0 0.9108638249211757 -0.412707029804395
vertex -1.0 0.0 -6.123233995736766e-17
vertex -1.0 0.9238795325112867 -0.3826834323650899
endloop
endfacet
facet normal 2.2364273022391968e-17 0.9174944964474906 -0.3977484745270126
outer loop
vertex -1.0 0.9108638249211757 -0.412707029804395
vertex -1.0 0.9238795325112867 -0.3826834323650899
vertex 1.0 0.9108638249211757 -0.4127070298043949
endloop
endfacet
facet normal 2.20794757214711e-17 0.9174944964474906 -0.3977484745270126
outer loop
vertex 1.0 0.9108638249211757 -0.4127070298043949
vertex -1.0 0.9238795325112867 -0.3826834323650899
vertex 1.0 0.9238795325112867 -0.3826834323650898
endloop
endfacet
facet normal 1.0 0.0 -0.0
outer loop
vertex 1.0 0.9108638249211757 -0.4127070298043949
vertex 1.0 0.9238795325112867 -0.3826834323650898
vertex 1.0 0.0 6.123233995736766e-17
endloop
endfacet
facet normal -1.0 0.0 0.0
outer loop
vertex -1.0 0.9238795325112867 -0.3826834323650899
vertex -1.0 0.0 -6.123233995736766e-17
vertex -1.0 0.9359059267573256 -0.35225004792123366
endloop
endfacet
facet normal 1.987935379768188e-17 0.9300172236840124 -0.3675159365947029
outer loop
vertex -1.0 0.9238795325112867 -0.3826834323650899
vertex -1.0 0.9359059267573256 -0.35225004792123366
vertex 1.0 0.9238795325112867 -0.3826834323650898
endloop
endfacet
facet normal 2.0401232736205915e-17 0.9300172236840124 -0.3675159365947029
outer loop
vertex 1.0 0.9238795325112867 -0.3826834323650898
vertex -1.0 0.9359059267573256 -0.35225004792123366
vertex 1.0 0.9359059267573256 -0.35225004792123354
endloop
endfacet
facet normal 1.0 0.0 -0.0
outer loop
vertex 1.0 0.9238795325112867 -0.3826834323650898
vertex 1.0 0.9359059267573256 -0.35225004792123354
vertex 1.0 0.0 6.123233995736766e-17
endloop
endfacet
facet normal -1.0 0.0 0.0
outer loop
vertex -1.0 0.9359059267573256 -0.35225004792123366
vertex -1.0 0.0 -6.123233995736766e-17
vertex -1.0 0.9469301294951056 -0.32143946530316175
endloop
endfacet
facet normal 1.8222740981208385e-17 0.941544065183021 -0.3368898533922194
outer loop
vertex -1.0 0.9359059267573256 -0.35225004792123366
vertex -1.0 0.9469301294951056 -0.32143946530316175
vertex 1.0 0.9359059267573256 -0.35225004792123354
endloop
endfacet
facet normal 1.8701143599931768e-17 0.941544065183021 -0.3368898533922194
outer loop
vertex 1.0 0.9359059267573256 -0.35225004792123354
vertex -1.0 0.9469301294951056 -0.32143946530316175
vertex 1.0 0.9469301294951056 -0.32143946530316164
endloop
endfacet
facet normal 1.0 0.0 -0.0
outer loop
vertex 1.0 0.9359059267573256 -0.35225004792123354
vertex 1.0 0.9469301294951056 -0.32143946530316164
vertex 1.0 0.0 6.123233995736766e-17
endloop
endfacet
facet normal -1.0 0.0 0.0
outer loop
vertex -1.0 0.9469301294951056 -0.32143946530316175
vertex -1.0 0.0 -6.123233995736766e-17
vertex -1.0 0.9569403357322088 -0.29028467725446255
endloop
endfacet
facet normal 1.656612816473488e-17 0.9520626777139238 -0.30590302009655485
outer loop
vertex -1.0 0.9469301294951056 -0.32143946530316175
vertex -1.0 0.9569403357322088 -0.29028467725446255
vertex 1.0 0.9469301294951056 -0.32143946530316164
endloop
endfacet
facet normal 1.6981028810678358e-17 0.9520626777139238 -0.30590302009655485
outer loop
vertex 1.0 0.9469301294951056 -0.32143946530316164
vertex -1.0 0.9569403357322088 -0.29028467725446255
vertex 1.0 0.9569403357322088 -0.29028467725446244
endloop
endfacet
facet normal 1.0 0.0 -0.0
outer loop
vertex 1.0 0.9469301294951056 -0.32143946530316164
vertex 1.0 0.9569403357322088 -0.29028467725446244
vertex 1.0 0.0 6.123233995736766e-17
endloop
endfacet
facet normal -1.0 0.0 0.0
outer loop
vertex -1.0 0.9569403357322088 -0.29028467725446255
vertex -1.0 0.0 -6.123233995736766e-17
vertex -1.0 0.9659258262890682 -0.258819045102521
endloop
endfacet
facet normal 1.4909515348261428e-17 0.9615617976829622 -0.27458861818493163
outer loop
vertex -1.0 0.9569403357322088 -0.29028467725446255
vertex -1.0 0.9659258262890682 -0.258819045102521
vertex 1.0 0.9569403357322088 -0.29028467725446244
endloop
endfacet
facet normal 1.5242730310445853e-17 0.9615617976829622 -0.27458861818493163
outer loop
vertex 1.0 0.9569403357322088 -0.29028467725446244
vertex -1.0 0.9659258262890682 -0.258819045102521
vertex 1.0 0.9659258262890682 -0.2588190451025209
endloop
endfacet
facet normal 1.0 0.0 -0.0
outer loop
vertex 1.0 0.9569403357322088 -0.29028467725446244
vertex 1.0 0.9659258262890682 -0.2588190451025209
vertex 1.0 0.0 6.123233995736766e-17
endloop
endfacet
facet normal -1.0 0.0 0.0
outer loop
vertex -1.0 0.9659258262890682 -0.258819045102521
vertex -1.0 0.0 -6.123233995736766e-17
vertex -1.0 0.9738769792773336 -0.2270762630343735
endloop
endfacet
facet normal 1.3252902531787914e-17 0.9700312531945434 -0.2429801799032662
outer loop
vertex -1.0 0.9659258262890682 -0.258819045102521
vertex -1.0 0.9738769792773336 -0.2270762630343735
vertex 1.0 0.9659258262890682 -0.2588190451025209
endloop
endfacet
facet normal 1.3488109512808444e-17 0.9700312531945434 -0.2429801799032662
outer loop
vertex 1.0 0.9659258262890682 -0.2588190451025209
vertex -1.0 0.9738769792773336 -0.2270762630343735
vertex 1.0 0.9738769792773336 -0.2270762630343734
endloop
endfacet
facet normal 1.0 0.0 -0.0
outer loop
vertex 1.0 0.9659258262890682 -0.2588190451025209
vertex 1.0 0.9738769792773336 -0.2270762630343734
vertex 1.0 0.0 6.123233995736766e-17
endloop
endfacet
facet normal -1.0 0.0 0.0
outer loop
vertex -1.0 0.9738769792773336 -0.2270762630343735
vertex -1.0 0.0 -6.123233995736766e-17
vertex -1.0 0.9807852804032304 -0.1950903220161284
endloop
endfacet
facet normal 1.1596289715314357e-17 0.9774619749435722 -0.211111552358964
outer loop
vertex -1.0 0.9738769792773336 -0.2270762630343735
vertex -1.0 0.9807852804032304 -0.1950903220161284
vertex 1.0 0.9738769792773336 -0.2270762630343734
endloop
endfacet
facet normal 1.1719045309664056e-17 0.9774619749435722 -0.211111552358964
outer loop
vertex 1.0 0.9738769792773336 -0.2270762630343734
vertex -1.0 0.9807852804032304 -0.1950903220161284
vertex 1.0 0.9807852804032304 -0.19509032201612828
endloop
endfacet
facet normal 1.0 0.0 -0.0
outer loop
vertex 1.0 0.9738769792773336 -0.2270762630343734
vertex 1.0 0.9807852804032304 -0.19509032201612828
vertex 1.0 0.0 6.123233995736766e-17
endloop
endfacet
facet normal -1.0 0.0 0.0
outer loop
vertex -1.0 0.9807852804032304 -0.1950903220161284
vertex -1.0 0.0 -6.123233995736766e-17
vertex -1.0 0.986643332084879 -0.16289547339458887
endloop
endfacet
facet normal 9.939676898840933e-18 0.9838460059270774 -0.1790168612766325
outer loop
vertex -1.0 0.9807852804032304 -0.1950903220161284
vertex -1.0 0.986643332084879 -0.16289547339458887
vertex 1.0 0.9807852804032304 -0.19509032201612828
endloop
endfacet
facet normal 9.93743205927225e-18 0.9838460059270774 -0.1790168612766325
outer loop
vertex 1.0 0.9807852804032304 -0.19509032201612828
vertex -1.0 0.986643332084879 -0.16289547339458887
vertex 1.0 0.986643332084879 -0.16289547339458876
endloop
endfacet
facet normal 1.0 0.0 -0.0
outer loop
vertex 1.0 0.9807852804032304 -0.19509032201612828
vertex 1.0 0.986643332084879 -0.16289547339458876
vertex 1.0 0.0 6.123233995736766e-17
endloop
endfacet
facet normal -1.0 0.0 0.0
outer loop
vertex -1.0 0.986643332084879 -0.16289547339458887
vertex -1.0 0.0 -6.123233995736766e-17
vertex -1.0 0.9914448613738104 -0.13052619222005177
endloop
endfacet
facet normal 7.868910878249079e-18 0.989176509964781 -0.14673047445536191
outer loop
vertex -1.0 0.986643332084879 -0.16289547339458887
vertex -1.0 0.9914448613738104 -0.13052619222005177
vertex 1.0 0.986643332084879 -0.16289547339458876
endloop
endfacet
facet normal 8.145177557725809e-18 0.989176509964781 -0.14673047445536191
outer loop
vertex 1.0 0.986643332084879 -0.16289547339458876
vertex -1.0 0.9914448613738104 -0.13052619222005177
vertex 1.0 0.9914448613738104 -0.13052619222005166
endloop
endfacet
facet normal 1.0 0.0 -0.0
outer loop
vertex 1.0 0.986643332084879 -0.16289547339458876
vertex 1.0 0.9914448613738104 -0.13052619222005166
vertex 1.0 0.0 6.123233995736766e-17
endloop
endfacet
facet normal -1.0 0.0 0.0
outer loop
vertex -1.0 0.9914448613738104 -0.13052619222005177
vertex -1.0 0.0 -6.123233995736766e-17
vertex -1.0 0.9951847266721968 -0.09801714032956083
endloop
endfacet
facet normal 6.419374663834776e-18 0.9934477790194445 -0.11428696496684537
outer loop
vertex -1.0 0.9914448613738104 -0.13052619222005177
vertex -1.0 0.9951847266721968 -0.09801714032956083
vertex 1.0 0.9914448613738104 -0.13052619222005166
endloop
endfacet
facet normal 6.344200996036019e-18 0.9934477790194445 -0.11428696496684537
outer loop
vertex 1.0 0.9914448613738104 -0.13052619222005166
vertex -1.0 0.9951847266721968 -0.09801714032956083
vertex 1.0 0.9951847266721968 -0.09801714032956071
endloop
endfacet
facet normal 1.0 0.0 -0.0
outer loop
vertex 1.0 0.9914448613738104 -0.13052619222005166
vertex 1.0 0.9951847266721968 -0.09801714032956071
vertex 1.0 0.0 6.123233995736766e-17
endloop
endfacet
facet normal -1.0 0.0 0.0
outer loop
vertex -1.0 0.9951847266721968 -0.09801714032956083
vertex -1.0 0.0 -6.123233995736766e-17
vertex -1.0 0.9978589232386035 -0.06540312923014333
endloop
endfacet
facet normal 4.34860864324291e-18 0.9966552393091802 -0.08172107413366955
outer loop
vertex -1.0 0.9951847266721968 -0.09801714032956083
vertex -1.0 0.9978589232386035 -0.06540312923014333
vertex 1.0 0.9951847266721968 -0.09801714032956071
endloop
endfacet
facet normal 4.536430905014963e-18 0.9966552393091802 -0.08172107413366955
outer loop
vertex 1.0 0.9951847266721968 -0.09801714032956071
vertex -1.0 0.9978589232386035 -0.06540312923014333
vertex 1.0 0.9978589232386035 -0.06540312923014321
endloop
endfacet
facet normal 1.0 0.0 -0.0
outer loop
vertex 1.0 0.9951847266721968 -0.09801714032956071
vertex 1.0 0.9978589232386035 -0.06540312923014321
vertex 1.0 0.0 6.123233995736766e-17
endloop
endfacet
facet normal -1.0 0.0 0.0
outer loop
vertex -1.0 0.9978589232386035 -0.06540312923014333
vertex -1.0 0.0 -6.123233995736766e-17
vertex -1.0 0.9994645874763657 -0.03271908282177645
endloop
endfacet
facet normal 2.6919958267694216e-18 0.9987954562051722 -0.04906767432742015
outer loop
vertex -1.0 0.9978589232386035 -0.06540312923014333
vertex -1.0 0.9994645874763657 -0.03271908282177645
vertex 1.0 0.9978589232386035 -0.06540312923014321
endloop
endfacet
facet normal 3.064278476424967e-18 0.9987954562051723 -0.04906767432742013
outer loop
vertex 1.0 0.9978589232386035 -0.06540312923014321
vertex -1.0 0.9994645874763657 -0.03271908282177645
vertex 1.0 0.9994645874763657 -0.032719082821776324
endloop
endfacet
facet normal 1.0 0.0 -0.0
outer loop
vertex 1.0 0.9978589232386035 -0.06540312923014321
vertex 1.0 0.9994645874763657 -0.032719082821776324
vertex 1.0 0.0 6.123233995736766e-17
endloop
endfacet
facet normal -1.0 0.0 0.0
outer loop
vertex -1.0 0.9994645874763657 -0.03271908282177645
vertex -1.0 0.0 -6.123233995736766e-17
vertex -1.0 1.0 -1.2246467991473532e-16
endloop
endfacet
facet normal 1.0353830102959241e-18 0.9998661379095617 -0.016361731626485465
outer loop
vertex -1.0 0.9994645874763657 -0.03271908282177645
vertex -1.0 1.0 -1.2246467991473532e-16
vertex 1.0 0.9994645874763657 -0.032719082821776324
endloop
endfacet
facet normal 1.0018671132441719e-18 0.9998661379095617 -0.016361731626485465
outer loop
vertex 1.0 0.9994645874763657 -0.032719082821776324
vertex -1.0 1.0 -1.2246467991473532e-16
vertex 1.0 1.0 0.0
endloop
endfacet
facet normal 1.0 0.0 -0.0
outer loop
vertex 1.0 0.9994645874763657 -0.032719082821776324
vertex 1.0 1.0 0.0
vertex 1.0 0.0 6.123233995736766e-17
endloop
endfacet
facet normal -1.0 0.0 0.0
outer loop
vertex -1.0 1.0 -1.2246467991473532e-16
vertex -1.0 0.0 -6.123233995736766e-17
vertex -1.0 0.9994645874763657 0.03271908282177598
endloop
endfacet
facet normal -1.0353830102959313e-18 0.9998661379095618 0.016361731626485576
outer loop
vertex -1.0 1.0 -1.2246467991473532e-16
vertex -1.0 0.9994645874763657 0.03271908282177598
vertex 1.0 1.0 0.0
endloop
endfacet
facet normal -1.0217908785634818e-18 0.9998661379095618 0.016361731626485576
outer loop
vertex 1.0 1.0 0.0
vertex -1.0 0.9994645874763657 0.03271908282177598
vertex 1.0 0.9994645874763657 0.0327190828217761
endloop
endfacet
facet normal 1.0 0.0 0.0
outer loop
vertex 1.0 1.0 0.0
vertex 1.0 0.9994645874763657 0.0327190828217761
vertex 1.0 0.0 6.123233995736766e-17
endloop
endfacet
facet normal -1.0 -0.0 0.0
outer loop
vertex -1.0 0.9994645874763657 0.03271908282177598
vertex -1.0 0.0 -6.123233995736766e-17
vertex -1.0 0.9978589232386035 0.06540312923014287
endloop
endfacet
facet normal -3.0026107298582e-18 0.9987954562051723 0.04906767432742013
outer loop
vertex -1.0 0.9994645874763657 0.03271908282177598
vertex -1.0 0.9978589232386035 0.06540312923014287
vertex 1.0 0.9994645874763657 0.0327190828217761
endloop
endfacet
facet normal -2.7238030901555272e-18 0.9987954562051722 0.04906767432742015
outer loop
vertex 1.0 0.9994645874763657 0.0327190828217761
vertex -1.0 0.9978589232386035 0.06540312923014287
vertex 1.0 0.9978589232386035 0.06540312923014298
endloop
endfacet
facet normal 1.0 0.0 0.0
outer loop
vertex 1.0 0.9994645874763657 0.0327190828217761
vertex 1.0 0.9978589232386035 0.06540312923014298
vertex 1.0 0.0 6.123233995736766e-17
endloop
endfacet
facet normal -1.0 -0.0 0.0
outer loop
vertex -1.0 0.9978589232386035 0.06540312923014287
vertex -1.0 0.0 -6.123233995736766e-17
vertex -1.0 0.9951847266721969 0.09801714032956037
endloop
endfacet
facet normal -4.555685245302098e-18 0.9966552393091804 0.08172107413366618
outer loop
vertex -1.0 0.9978589232386035 0.06540312923014287
vertex -1.0 0.9951847266721969 0.09801714032956037
vertex 1.0 0.9978589232386035 0.06540312923014298
endloop
endfacet
facet normal -4.5364309050147755e-18 0.9966552393091804 0.08172107413366618
outer loop
vertex 1.0 0.9978589232386035 0.06540312923014298
vertex -1.0 0.9951847266721969 0.09801714032956037
vertex 1.0 0.9951847266721969 0.09801714032956048
endloop
endfacet
facet normal 1.0 0.0 0.0
outer loop
vertex 1.0 0.9978589232386035 0.06540312923014298
vertex 1.0 0.9951847266721969 0.09801714032956048
vertex 1.0 0.0 6.123233995736766e-17
endloop
endfacet
facet normal -1.0 -0.0 0.0
outer loop
vertex -1.0 0.9951847266721969 0.09801714032956037
vertex -1.0 0.0 -6.123233995736766e-17
vertex -1.0 0.9914448613738105 0.13052619222005132
endloop
endfacet
facet normal -6.4193746638347736e-18 0.9934477790194446 0.11428696496684533
outer loop
vertex -1.0 0.9951847266721969 0.09801714032956037
vertex -1.0 0.9914448613738105 0.13052619222005132
vertex 1.0 0.9951847266721969 0.09801714032956048
endloop
endfacet
facet normal -6.344200996036016e-18 0.9934477790194446 0.11428696496684533
outer loop
vertex 1.0 0.9951847266721969 0.09801714032956048
vertex -1.0 0.9914448613738105 0.13052619222005132
vertex 1.0 0.9914448613738105 0.13052619222005143
endloop
endfacet
facet normal 1.0 0.0 0.0
outer loop
vertex 1.0 0.9951847266721969 0.09801714032956048
vertex 1.0 0.9914448613738105 0.13052619222005143
vertex 1.0 0.0 6.123233995736766e-17
endloop
endfacet
facet normal -1.0 -0.0 0.0
outer loop
vertex -1.0 0.9914448613738105 0.13052619222005132
vertex -1.0 0.0 -6.123233995736766e-17
vertex -1.0 0.9866433320848791 0.16289547339458843
endloop
endfacet
facet normal -7.868910878249079e-18 0.989176509964781 0.14673047445536191
outer loop
vertex -1.0 0.9914448613738105 0.13052619222005132
vertex -1.0 0.9866433320848791 0.16289547339458843
vertex 1.0 0.9914448613738105 0.13052619222005143
endloop
endfacet
facet normal -8.145177557725809e-18 0.989176509964781 0.14673047445536191
outer loop
vertex 1.0 0.9914448613738105 0.13052619222005143
vertex -1.0 0.9866433320848791 0.16289547339458843
vertex 1.0 0.9866433320848791 0.16289547339458854
endloop
endfacet
facet normal 1.0 0.0 0.0
outer loop
vertex 1.0 0.9914448613738105 0.13052619222005143
vertex 1.0 0.9866433320848791 0.16289547339458854
vertex 1.0 0.0 6.123233995736766e-17
endloop
endfacet
facet normal -1.0 -0.0 0.0
outer loop
vertex -1.0 0.9866433320848791 0.16289547339458843
vertex -1.0 0.0 -6.123233995736766e-17
vertex -1.0 0.9807852804032305 0.19509032201612792
endloop
endfacet
facet normal -9.939676898840941e-18 0.9838460059270774 0.17901686127663263
outer loop
vertex -1.0 0.9866433320848791 0.16289547339458843
vertex -1.0 0.9807852804032305 0.19509032201612792
vertex 1.0 0.9866433320848791 0.16289547339458854
endloop
endfacet
facet normal -9.937432059272257e-18 0.9838460059270774 0.17901686127663263
outer loop
vertex 1.0 0.9866433320848791 0.16289547339458854
vertex -1.0 0.9807852804032305 0.19509032201612792
vertex 1.0 0.9807852804032305 0.19509032201612803
endloop
endfacet
facet normal 1.0 0.0 0.0
outer loop
vertex 1.0 0.9866433320848791 0.16289547339458854
vertex 1.0 0.9807852804032305 0.19509032201612803
vertex 1.0 0.0 6.123233995736766e-17
endloop
endfacet
facet normal -0.9999999999999999 -0.0 0.0
outer loop
vertex -1.0 0.9807852804032305 0.19509032201612792
vertex -1.0 0.0 -6.123233995736766e-17
vertex -1.0 0.9738769792773336 0.22707626303437306
endloop
endfacet
facet normal -1.1596289715314338e-17 0.9774619749435716 0.21111155235896706
outer loop
vertex -1.0 0.9807852804032305 0.19509032201612792
vertex -1.0 0.9738769792773336 0.22707626303437306
vertex 1.0 0.9807852804032305 0.19509032201612803
endloop
endfacet
facet normal -1.1719045309664225e-17 0.9774619749435716 0.21111155235896706
outer loop
vertex 1.0 0.9807852804032305 0.19509032201612803
vertex -1.0 0.9738769792773336 0.22707626303437306
vertex 1.0 0.9738769792773336 0.22707626303437317
endloop
endfacet
facet normal 1.0 0.0 0.0
outer loop
vertex 1.0 0.9807852804032305 0.19509032201612803
vertex 1.0 0.9738769792773336 0.22707626303437317
vertex 1.0 0.0 6.123233995736766e-17
endloop
endfacet
facet normal -1.0 -0.0 0.0
outer loop
vertex -1.0 0.9738769792773336 0.22707626303437306
vertex -1.0 0.0 -6.123233995736766e-17
vertex -1.0 0.9659258262890683 0.2588190451025206
endloop
endfacet
facet normal -1.3252902531787925e-17 0.9700312531945442 0.242980179903263
outer loop
vertex -1.0 0.9738769792773336 0.22707626303437306
vertex -1.0 0.9659258262890683 0.2588190451025206
vertex 1.0 0.9738769792773336 0.22707626303437317
endloop
endfacet
facet normal -1.3488109512808267e-17 0.9700312531945442 0.242980179903263
outer loop
vertex 1.0 0.9738769792773336 0.22707626303437317
vertex -1.0 0.9659258262890683 0.2588190451025206
vertex 1.0 0.9659258262890683 0.2588190451025207
endloop
endfacet
facet normal 1.0 0.0 0.0
outer loop
vertex 1.0 0.9738769792773336 0.22707626303437317
vertex 1.0 0.9659258262890683 0.2588190451025207
vertex 1.0 0.0 6.123233995736766e-17
endloop
endfacet
facet normal -1.0 -0.0 0.0
outer loop
vertex -1.0 0.9659258262890683 0.2588190451025206
vertex -1.0 0.0 -6.123233995736766e-17
vertex -1.0 0.9569403357322089 0.2902846772544621
endloop
endfacet
facet normal -1.4909515348261428e-17 0.9615617976829622 0.27458861818493163
outer loop
vertex -1.0 0.9659258262890683 0.2588190451025206
vertex -1.0 0.9569403357322089 0.2902846772544621
vertex 1.0 0.9659258262890683 0.2588190451025207
endloop
endfacet
facet normal -1.5242730310445853e-17 0.9615617976829622 0.27458861818493163
outer loop
vertex 1.0 0.9659258262890683 0.2588190451025207
vertex -1.0 0.9569403357322089 0.2902846772544621
vertex 1.0 0.9569403357322089 0.2902846772544622
endloop
endfacet
facet normal 1.0 0.0 0.0
outer loop
vertex 1.0 0.9659258262890683 0.2588190451025207
vertex 1.0 0.9569403357322089 0.2902846772544622
vertex 1.0 0.0 6.123233995736766e-17
endloop
endfacet
facet normal -1.0 -0.0 0.0
outer loop
vertex -1.0 0.9569403357322089 0.2902846772544621
vertex -1.0 0.0 -6.123233995736766e-17
vertex -1.0 0.9469301294951057 0.3214394653031613
endloop
endfacet
facet normal -1.656612816473488e-17 0.9520626777139238 0.30590302009655485
outer loop
vertex -1.0 0.9569403357322089 0.2902846772544621
vertex -1.0 0.9469301294951057 0.3214394653031613
vertex 1.0 0.9569403357322089 0.2902846772544622
endloop
endfacet
facet normal -1.6981028810678358e-17 0.9520626777139238 0.30590302009655485
outer loop
vertex 1.0 0.9569403357322089 0.2902846772544622
vertex -1.0 0.9469301294951057 0.3214394653031613
vertex 1.0 0.9469301294951057 0.3214394653031614
endloop
endfacet
facet normal 1.0 0.0 0.0
outer loop
vertex 1.0 0.9569403357322089 0.2902846772544622
vertex 1.0 0.9469301294951057 0.3214394653031614
vertex 1.0 0.0 6.123233995736766e-17
endloop
endfacet
facet normal -1.0 -0.0 0.0
outer loop
vertex -1.0 0.9469301294951057 0.3214394653031613
vertex -1.0 0.0 -6.123233995736766e-17
vertex -1.0 0.9359059267573258 0.3522500479212332
endloop
endfacet
facet normal -1.8222740981208385e-17 0.941544065183021 0.3368898533922194
outer loop
vertex -1.0 0.9469301294951057 0.3214394653031613
vertex -1.0 0.9359059267573258 0.3522500479212332
vertex 1.0 0.9469301294951057 0.3214394653031614
endloop
endfacet
facet normal -1.8701143599931768e-17 0.941544065183021 0.3368898533922194
outer loop
vertex 1.0 0.9469301294951057 0.3214394653031614
vertex -1.0 0.9359059267573258 0.3522500479212332
vertex 1.0 0.9359059267573258 0.3522500479212333
endloop
endfacet
facet normal 1.0 0.0 0.0
outer loop
vertex 1.0 0.9469301294951057 0.3214394653031614
vertex 1.0 0.9359059267573258 0.3522500479212333
vertex 1.0 0.0 6.123233995736766e-17
endloop
endfacet
facet normal -1.0 -0.0 0.0
outer loop
vertex -1.0 0.9359059267573258 0.3522500479212332
vertex -1.0 0.0 -6.123233995736766e-17
vertex -1.0 0.9238795325112868 0.38268343236508945
endloop
endfacet
facet normal -1.987935379768188e-17 0.9300172236840124 0.3675159365947029
outer loop
vertex -1.0 0.9359059267573258 0.3522500479212332
vertex -1.0 0.9238795325112868 0.38268343236508945
vertex 1.0 0.9359059267573258 0.3522500479212333
endloop
endfacet
facet normal -2.0401232736205915e-17 0.9300172236840124 0.3675159365947029
outer loop
vertex 1.0 0.9359059267573258 0.3522500479212333
vertex -1.0 0.9238795325112868 0.38268343236508945
vertex 1.0 0.9238795325112868 0.38268343236508956
endloop
endfacet
facet normal 1.0 0.0 0.0
outer loop
vertex 1.0 0.9359059267573258 0.3522500479212333
vertex 1.0 0.9238795325112868 0.38268343236508956
vertex 1.0 0.0 6.123233995736766e-17
endloop
endfacet
facet normal -1.0 -0.0 0.0
outer loop
vertex -1.0 0.9238795325112868 0.38268343236508945
vertex -1.0 0.0 -6.123233995736766e-17
vertex -1.0 0.9108638249211759 0.41270702980439455
endloop
endfacet
facet normal -2.2364273022391995e-17 0.9174944964474918 0.39774847452700973
outer loop
vertex -1.0 0.9238795325112868 0.38268343236508945
vertex -1.0 0.9108638249211759 0.41270702980439455
vertex 1.0 0.9238795325112868 0.38268343236508956
endloop
endfacet
facet normal -2.207947572147094e-17 0.9174944964474918 0.39774847452700973
outer loop
vertex 1.0 0.9238795325112868 0.38268343236508956
vertex -1.0 0.9108638249211759 0.41270702980439455
vertex 1.0 0.9108638249211759 0.41270702980439467
endloop
endfacet
facet normal 1.0 0.0 0.0
outer loop
vertex 1.0 0.9238795325112868 0.38268343236508956
vertex 1.0 0.9108638249211759 0.41270702980439467
vertex 1.0 0.0 6.123233995736766e-17
endloop
endfacet
facet normal -1.0 -0.0 0.0
outer loop
vertex -1.0 0.9108638249211759 0.41270702980439455
vertex -1.0 0.0 -6.123233995736766e-17
vertex -1.0 0.8968727415326884 0.4422886902190011
endloop
endfacet
facet normal -2.319257943062884e-17 0.903989293123443 0.42755509343028286
outer loop
vertex -1.0 0.9108638249211759 0.41270702980439455
vertex -1.0 0.8968727415326884 0.4422886902190011
vertex 1.0 0.9108638249211759 0.41270702980439467
endloop
endfacet
facet normal -2.3734075451103002e-17 0.903989293123443 0.42755509343028286
outer loop
vertex 1.0 0.9108638249211759 0.41270702980439467
vertex -1.0 0.8968727415326884 0.4422886902190011
vertex 1.0 0.8968727415326884 0.4422886902190012
endloop
endfacet
facet normal 1.0 0.0 0.0
outer loop
vertex 1.0 0.9108638249211759 0.41270702980439467
vertex 1.0 0.8968727415326884 0.4422886902190012
vertex 1.0 0.0 6.123233995736766e-17
endloop
endfacet
facet normal -1.0 -0.0 0.0
outer loop
vertex -1.0 0.8968727415326884 0.4422886902190011
vertex -1.0 0.0 -6.123233995736766e-17
vertex -1.0 0.8819212643483553 0.47139673682599725
endloop
endfacet
facet normal -2.567749865533926e-17 0.8895160754218571 0.45690387563041873
outer loop
vertex -1.0 0.8968727415326884 0.4422886902190011
vertex -1.0 0.8819212643483553 0.47139673682599725
vertex 1.0 0.8968727415326884 0.4422886902190012
endloop
endfacet
facet normal -2.5363260138267992e-17 0.8895160754218571 0.45690387563041873
outer loop
vertex 1.0 0.8968727415326884 0.4422886902190012
vertex -1.0 0.8819212643483553 0.47139673682599725
vertex 1.0 0.8819212643483553 0.47139673682599736
endloop
endfacet
facet normal 1.0 0.0 0.0
outer loop
vertex 1.0 0.8968727415326884 0.4422886902190012
vertex 1.0 0.8819212643483553 0.47139673682599736
vertex 1.0 0.0 6.123233995736766e-17
endloop
endfacet
facet normal -0.9999999999999999 -0.0 0.0
outer loop
vertex -1.0 0.8819212643483553 0.47139673682599725
vertex -1.0 0.0 -6.123233995736766e-17
vertex -1.0 0.8660254037844387 0.4999999999999998
endloop
endfacet
facet normal -2.6505805063575615e-17 0.8740903416267578 0.48576339371634203
outer loop
vertex -1.0 0.8819212643483553 0.47139673682599725
vertex -1.0 0.8660254037844387 0.4999999999999998
vertex 1.0 0.8819212643483553 0.47139673682599736
endloop
endfacet
facet normal -2.69652852111969e-17 0.8740903416267578 0.48576339371634203
outer loop
vertex 1.0 0.8819212643483553 0.47139673682599736
vertex -1.0 0.8660254037844387 0.4999999999999998
vertex 1.0 0.8660254037844387 0.4999999999999999
endloop
endfacet
facet normal 0.9999999999999999 0.0 0.0
outer loop
vertex 1.0 0.8819212643483553 0.47139673682599736
vertex 1.0 0.8660254037844387 0.4999999999999999
vertex 1.0 0.0 6.123233995736766e-17
endloop
endfacet
facet normal -1.0 -0.0 0.0
outer loop
vertex -1.0 0.8660254037844387 0.4999999999999998
vertex -1.0 0.0 -6.123233995736766e-17
vertex -1.0 0.8492021815265789 0.5280678506503679
endloop
endfacet
facet normal -2.8990724288285934e-17 0.8577286100002721 0.5141027441932217
outer loop
vertex -1.0 0.8660254037844387 0.4999999999999998
vertex -1.0 0.8492021815265789 0.5280678506503679
vertex 1.0 0.8660254037844387 0.4999999999999999
endloop
endfacet
facet normal -5.7076870362629e-17 0.857728610000273 0.5141027441932201
outer loop
vertex 1.0 0.8660254037844387 0.4999999999999999
vertex -1.0 0.8492021815265789 0.5280678506503679
vertex 1.0 0.8492021815265789 0.5280678506503681
endloop
endfacet
facet normal 1.0 0.0 0.0
outer loop
vertex 1.0 0.8660254037844387 0.4999999999999999
vertex 1.0 0.8492021815265789 0.5280678506503681
vertex 1.0 0.0 6.123233995736766e-17
endloop
endfacet
facet normal -1.0 -0.0 0.0
outer loop
vertex -1.0 0.8492021815265789 0.5280678506503679
vertex -1.0 0.0 -6.123233995736766e-17
vertex -1.0 0.8314696123025453 0.5555702330196018
endloop
endfacet
facet normal -6.046636780128283e-17 0.8404484010944372 0.5418915805747532
outer loop
vertex -1.0 0.8492021815265789 0.5280678506503679
vertex -1.0 0.8314696123025453 0.5555702330196018
vertex 1.0 0.8492021815265789 0.5280678506503681
endloop
endfacet
facet normal -6.016205096046092e-17 0.8404484010944372 0.5418915805747532
outer loop
vertex 1.0 0.8492021815265789 0.5280678506503681
vertex -1.0 0.8314696123025453 0.5555702330196018
vertex 1.0 0.8314696123025453 0.5555702330196021
endloop
endfacet
facet normal 0.9999999999999999 0.0 0.0
outer loop
vertex 1.0 0.8492021815265789 0.5280678506503681
vertex 1.0 0.8314696123025453 0.5555702330196021
vertex 1.0 0.0 6.123233995736766e-17
endloop
endfacet
facet normal -1.0 -0.0 0.0
outer loop
vertex -1.0 0.8314696123025453 0.5555702330196018
vertex -1.0 0.0 -6.123233995736766e-17
vertex -1.0 0.8128466845916152 0.5824776968678019
endloop
endfacet
facet normal -6.29512870259922e-17 0.8222682189897756 0.5691001458788977
outer loop
vertex -1.0 0.8314696123025453 0.5555702330196018
vertex -1.0 0.8128466845916152 0.5824776968678019
vertex 1.0 0.8314696123025453 0.5555702330196021
endloop
endfacet
facet normal -6.318280852722876e-17 0.8222682189897756 0.5691001458788977
outer loop
vertex 1.0 0.8314696123025453 0.5555702330196021
vertex -1.0 0.8128466845916152 0.5824776968678019
vertex 1.0 0.8128466845916152 0.5824776968678022
endloop
endfacet
facet normal 1.0 0.0 0.0
outer loop
vertex 1.0 0.8314696123025453 0.5555702330196021
vertex 1.0 0.8128466845916152 0.5824776968678022
vertex 1.0 0.0 6.123233995736766e-17
endloop
endfacet
facet normal -1.0 -0.0 0.0
outer loop
vertex -1.0 0.8128466845916152 0.5824776968678019
vertex -1.0 0.0 -6.123233995736766e-17
vertex -1.0 0.7933533402912354 0.6087614290087202
endloop
endfacet
facet normal -6.626451265894011e-17 0.8032075314806456 0.5956993044924326
outer loop
vertex -1.0 0.8128466845916152 0.5824776968678019
vertex -1.0 0.7933533402912354 0.6087614290087202
vertex 1.0 0.8128466845916152 0.5824776968678022
endloop
endfacet
facet normal -6.613590836006906e-17 0.8032075314806456 0.5956993044924326
outer loop
vertex 1.0 0.8128466845916152 0.5824776968678022
vertex -1.0 0.7933533402912354 0.6087614290087202
vertex 1.0 0.7933533402912354 0.6087614290087204
endloop
endfacet
facet normal 1.0 0.0 0.0
outer loop
vertex 1.0 0.8128466845916152 0.5824776968678022
vertex 1.0 0.7933533402912354 0.6087614290087204
vertex 1.0 0.0 6.123233995736766e-17
endloop
endfacet
facet normal -0.9999999999999999 -0.0 0.0
outer loop
vertex -1.0 0.7933533402912354 0.6087614290087202
vertex -1.0 0.0 -6.123233995736766e-17
vertex -1.0 0.7730104533627371 0.6343932841636453
endloop
endfacet
facet normal -6.957773829188607e-17 0.7832867492286515 0.621660573370076
outer loop
vertex -1.0 0.7933533402912354 0.6087614290087202
vertex -1.0 0.7730104533627371 0.6343932841636453
vertex 1.0 0.7933533402912354 0.6087614290087204
endloop
endfacet
facet normal -6.901818820571348e-17 0.7832867492286515 0.621660573370076
outer loop
vertex 1.0 0.7933533402912354 0.6087614290087204
vertex -1.0 0.7730104533627371 0.6343932841636453
vertex 1.0 0.7730104533627371 0.6343932841636455
endloop
endfacet
facet normal 1.0 0.0 0.0
outer loop
vertex 1.0 0.7933533402912354 0.6087614290087204
vertex 1.0 0.7730104533627371 0.6343932841636455
vertex 1.0 0.0 6.123233995736766e-17
endloop
endfacet
facet normal -1.0 -0.0 0.0
outer loop
vertex -1.0 0.7730104533627371 0.6343932841636453
vertex -1.0 0.0 -6.123233995736766e-17
vertex -1.0 0.7518398074789777 0.6593458151000684
endloop
endfacet
facet normal -7.123435110836062e-17 0.7625272039063877 0.6469561525348577
outer loop
vertex -1.0 0.7730104533627371 0.6343932841636453
vertex -1.0 0.7518398074789777 0.6593458151000684
vertex 1.0 0.7730104533627371 0.6343932841636455
endloop
endfacet
facet normal -7.182656164671039e-17 0.7625272039063877 0.6469561525348577
outer loop
vertex 1.0 0.7730104533627371 0.6343932841636455
vertex -1.0 0.7518398074789777 0.6593458151000684
vertex 1.0 0.7518398074789777 0.6593458151000686
endloop
endfacet
facet normal 1.0 0.0 0.0
outer loop
vertex 1.0 0.7730104533627371 0.6343932841636455
vertex 1.0 0.7518398074789777 0.6593458151000686
vertex 1.0 0.0 6.123233995736766e-17
endloop
endfacet
facet normal -0.9999999999999999 -0.0 0.0
outer loop
vertex -1.0 0.7518398074789777 0.6593458151000684
vertex -1.0 0.0 -6.123233995736766e-17
vertex -1.0 0.7298640726978358 0.683592302022871
endloop
endfacet
facet normal -7.454757674130635e-17 0.7409511253549594 0.6715589548470178
outer loop
vertex -1.0 0.7518398074789777 0.6593458151000684
vertex -1.0 0.7298640726978358 0.683592302022871
vertex 1.0 0.7518398074789777 0.6593458151000686
endloop
endfacet
facet normal -7.45580214064365e-17 0.7409511253549594 0.6715589548470178
outer loop
vertex 1.0 0.7518398074789777 0.6593458151000686
vertex -1.0 0.7298640726978358 0.683592302022871
vertex 1.0 0.7298640726978358 0.6835923020228712
endloop
endfacet
facet normal 1.0 0.0 0.0
outer loop
vertex 1.0 0.7518398074789777 0.6593458151000686
vertex 1.0 0.7298640726978358 0.6835923020228712
vertex 1.0 0.0 6.123233995736766e-17
endloop
endfacet
facet normal -1.0 -0.0 0.0
outer loop
vertex -1.0 0.7298640726978358 0.683592302022871
vertex -1.0 0.0 -6.123233995736766e-17
vertex -1.0 0.7071067811865476 0.7071067811865474
endloop
endfacet
facet normal -7.78608023742536e-17 0.7185816177796974 0.6954426350096121
outer loop
vertex -1.0 0.7298640726978358 0.683592302022871
vertex -1.0 0.7071067811865476 0.7071067811865474
vertex 1.0 0.7298640726978358 0.6835923020228712
endloop
endfacet
facet normal -7.720964256936603e-17 0.7185816177796974 0.6954426350096121
outer loop
vertex 1.0 0.7298640726978358 0.6835923020228712
vertex -1.0 0.7071067811865476 0.7071067811865474
vertex 1.0 0.7071067811865476 0.7071067811865476
endloop
endfacet
facet normal 1.0 0.0 0.0
outer loop
vertex 1.0 0.7298640726978358 0.6835923020228712
vertex 1.0 0.7071067811865476 0.7071067811865476
vertex 1.0 0.0 6.123233995736766e-17
endloop
endfacet
facet normal -1.0 -0.0 0.0
outer loop
vertex -1.0 0.7071067811865476 0.7071067811865474
vertex -1.0 0.0 -6.123233995736766e-17
vertex -1.0 0.6835923020228716 0.7298640726978353
endloop
endfacet
facet normal -8.117402800720173e-17 0.6954426350096119 0.7185816177796976
outer loop
vertex -1.0 0.7071067811865476 0.7071067811865474
vertex -1.0 0.6835923020228716 0.7298640726978353
vertex 1.0 0.7071067811865476 0.7071067811865476
endloop
endfacet
facet normal -7.977858571314141e-17 0.6954426350096119 0.7185816177796976
outer loop
vertex 1.0 0.7071067811865476 0.7071067811865476
vertex -1.0 0.6835923020228716 0.7298640726978353
vertex 1.0 0.6835923020228716 0.7298640726978355
endloop
endfacet
facet normal 1.0 0.0 0.0
outer loop
vertex 1.0 0.7071067811865476 0.7071067811865476
vertex 1.0 0.6835923020228716 0.7298640726978355
vertex 1.0 0.0 6.123233995736766e-17
endloop
endfacet
facet normal -1.0 -0.0 0.0
outer loop
vertex -1.0 0.6835923020228716 0.7298640726978353
vertex -1.0 0.0 -6.123233995736766e-17
vertex -1.0 0.659345815100069 0.7518398074789772
endloop
endfacet
facet normal -8.117402800720025e-17 0.6715589548470178 0.7409511253549594
outer loop
vertex -1.0 0.6835923020228716 0.7298640726978353
vertex -1.0 0.659345815100069 0.7518398074789772
vertex 1.0 0.6835923020228716 0.7298640726978355
endloop
endfacet
facet normal -8.226209994909966e-17 0.6715589548470178 0.7409511253549594
outer loop
vertex 1.0 0.6835923020228716 0.7298640726978355
vertex -1.0 0.659345815100069 0.7518398074789772
vertex 1.0 0.659345815100069 0.7518398074789774
endloop
endfacet
facet normal 1.0 0.0 0.0
outer loop
vertex 1.0 0.6835923020228716 0.7298640726978355
vertex 1.0 0.659345815100069 0.7518398074789774
vertex 1.0 0.0 6.123233995736766e-17
endloop
endfacet
facet normal -1.0 -0.0 0.0
outer loop
vertex -1.0 0.659345815100069 0.7518398074789772
vertex -1.0 0.0 -6.123233995736766e-17
vertex -1.0 0.6343932841636458 0.7730104533627365
endloop
endfacet
facet normal -8.448725364014865e-17 0.6469561525348577 0.7625272039063877
outer loop
vertex -1.0 0.659345815100069 0.7518398074789772
vertex -1.0 0.6343932841636458 0.7730104533627365
vertex 1.0 0.659345815100069 0.7518398074789774
endloop
endfacet
facet normal -8.465752586799133e-17 0.6469561525348577 0.7625272039063877
outer loop
vertex 1.0 0.659345815100069 0.7518398074789774
vertex -1.0 0.6343932841636458 0.7730104533627365
vertex 1.0 0.6343932841636458 0.7730104533627368
endloop
endfacet
facet normal 1.0 0.0 0.0
outer loop
vertex 1.0 0.659345815100069 0.7518398074789774
vertex 1.0 0.6343932841636458 0.7730104533627368
vertex 1.0 0.0 6.123233995736766e-17
endloop
endfacet
facet normal -1.0 -0.0 0.0
outer loop
vertex -1.0 0.6343932841636458 0.7730104533627365
vertex -1.0 0.0 -6.123233995736766e-17
vertex -1.0 0.6087614290087209 0.7933533402912349
endloop
endfacet
facet normal -8.614386645662089e-17 0.6216605733700797 0.7832867492286485
outer loop
vertex -1.0 0.6343932841636458 0.7730104533627365
vertex -1.0 0.6087614290087209 0.7933533402912349
vertex 1.0 0.6343932841636458 0.7730104533627368
endloop
endfacet
facet normal -8.696229838774366e-17 0.6216605733700797 0.7832867492286485
outer loop
vertex 1.0 0.6343932841636458 0.7730104533627368
vertex -1.0 0.6087614290087209 0.7933533402912349
vertex 1.0 0.6087614290087209 0.7933533402912352
endloop
endfacet
facet normal 1.0 0.0 0.0
outer loop
vertex 1.0 0.6343932841636458 0.7730104533627368
vertex 1.0 0.6087614290087209 0.7933533402912352
vertex 1.0 0.0 6.123233995736766e-17
endloop
endfacet
facet normal -0.9999999999999999 -0.0 0.0
outer loop
vertex -1.0 0.6087614290087209 0.7933533402912349
vertex -1.0 0.0 -6.123233995736766e-17
vertex -1.0 0.5824776968678022 0.812846684591615
endloop
endfacet
facet normal -8.780047927309431e-17 0.5956993044924305 0.803207531480647
outer loop
vertex -1.0 0.6087614290087209 0.7933533402912349
vertex -1.0 0.5824776968678022 0.812846684591615
vertex 1.0 0.6087614290087209 0.7933533402912352
endloop
endfacet
facet normal -8.917394950021496e-17 0.5956993044924305 0.803207531480647
outer loop
vertex 1.0 0.6087614290087209 0.7933533402912352
vertex -1.0 0.5824776968678022 0.812846684591615
vertex 1.0 0.5824776968678022 0.8128466845916152
endloop
endfacet
facet normal 1.0 0.0 0.0
outer loop
vertex 1.0 0.6087614290087209 0.7933533402912352
vertex 1.0 0.5824776968678022 0.8128466845916152
vertex 1.0 0.0 6.123233995736766e-17
endloop
endfacet
facet normal -1.0 -0.0 0.0
outer loop
vertex -1.0 0.5824776968678022 0.812846684591615
vertex -1.0 0.0 -6.123233995736766e-17
vertex -1.0 0.5555702330196025 0.8314696123025449
endloop
endfacet
facet normal -9.11137049060427e-17 0.5691001458788993 0.8222682189897742
outer loop
vertex -1.0 0.5824776968678022 0.812846684591615
vertex -1.0 0.5555702330196025 0.8314696123025449
vertex 1.0 0.5824776968678022 0.8128466845916152
endloop
endfacet
facet normal -9.129011091399677e-17 0.5691001458788993 0.8222682189897742
outer loop
vertex 1.0 0.5824776968678022 0.8128466845916152
vertex -1.0 0.5555702330196025 0.8314696123025449
vertex 1.0 0.5555702330196025 0.8314696123025451
endloop
endfacet
facet normal 1.0 0.0 0.0
outer loop
vertex 1.0 0.5824776968678022 0.8128466845916152
vertex 1.0 0.5555702330196025 0.8314696123025451
vertex 1.0 0.0 6.123233995736766e-17
endloop
endfacet
facet normal -1.0 -0.0 0.0
outer loop
vertex -1.0 0.5555702330196025 0.8314696123025449
vertex -1.0 0.0 -6.123233995736766e-17
vertex -1.0 0.5280678506503681 0.8492021815265787
endloop
endfacet
facet normal -9.359862413075144e-17 0.5418915805747516 0.840448401094438
outer loop
vertex -1.0 0.5555702330196025 0.8314696123025449
vertex -1.0 0.5280678506503681 0.8492021815265787
vertex 1.0 0.5555702330196025 0.8314696123025451
endloop
endfacet
facet normal -9.330851659044436e-17 0.5418915805747516 0.840448401094438
outer loop
vertex 1.0 0.5555702330196025 0.8314696123025451
vertex -1.0 0.5280678506503681 0.8492021815265787
vertex 1.0 0.5280678506503681 0.8492021815265789
endloop
endfacet
facet normal 1.0 0.0 0.0
outer loop
vertex 1.0 0.5555702330196025 0.8314696123025451
vertex 1.0 0.5280678506503681 0.8492021815265789
vertex 1.0 0.0 6.123233995736766e-17
endloop
endfacet
facet normal -1.0 -0.0 0.0
outer loop
vertex -1.0 0.5280678506503681 0.8492021815265787
vertex -1.0 0.0 -6.123233995736766e-17
vertex -1.0 0.5000000000000003 0.8660254037844384
endloop
endfacet
facet normal -9.525523694722622e-17 0.5141027441932237 0.8577286100002709
outer loop
vertex -1.0 0.5280678506503681 0.8492021815265787
vertex -1.0 0.5000000000000003 0.8660254037844384
vertex 1.0 0.5280678506503681 0.8492021815265789
endloop
endfacet
facet normal -9.52270051702032e-17 0.5141027441932237 0.8577286100002709
outer loop
vertex 1.0 0.5280678506503681 0.8492021815265789
vertex -1.0 0.5000000000000003 0.8660254037844384
vertex 1.0 0.5000000000000003 0.8660254037844386
endloop
endfacet
facet normal 1.0 0.0 0.0
outer loop
vertex 1.0 0.5280678506503681 0.8492021815265789
vertex 1.0 0.5000000000000003 0.8660254037844386
vertex 1.0 0.0 6.123233995736766e-17
endloop
endfacet
facet normal -1.0 -0.0 0.0
outer loop
vertex -1.0 0.5000000000000003 0.8660254037844384
vertex -1.0 0.0 -6.123233995736766e-17
vertex -1.0 0.47139673682599786 0.8819212643483548
endloop
endfacet
facet normal -9.774015617193538e-17 0.4857633937163402 0.8740903416267588
outer loop
vertex -1.0 0.5000000000000003 0.8660254037844384
vertex -1.0 0.47139673682599786 0.8819212643483548
vertex 1.0 0.5000000000000003 0.8660254037844386
endloop
endfacet
facet normal -9.704352228764965e-17 0.4857633937163402 0.8740903416267588
outer loop
vertex 1.0 0.5000000000000003 0.8660254037844386
vertex -1.0 0.47139673682599786 0.8819212643483548
vertex 1.0 0.47139673682599786 0.881921264348355
endloop
endfacet
facet normal 1.0 0.0 0.0
outer loop
vertex 1.0 0.5000000000000003 0.8660254037844386
vertex 1.0 0.47139673682599786 0.881921264348355
vertex 1.0 0.0 6.123233995736766e-17
endloop
endfacet
facet normal -1.0 -0.0 0.0
outer loop
vertex -1.0 0.47139673682599786 0.8819212643483548
vertex -1.0 0.0 -6.123233995736766e-17
vertex -1.0 0.4422886902190017 0.896872741532688
endloop
endfacet
facet normal -9.93967689884099e-17 0.45690387563042145 0.8895160754218556
outer loop
vertex -1.0 0.47139673682599786 0.8819212643483548
vertex -1.0 0.4422886902190017 0.896872741532688
vertex 1.0 0.47139673682599786 0.881921264348355
endloop
endfacet
facet normal -9.875612277075514e-17 0.45690387563042145 0.8895160754218556
outer loop
vertex 1.0 0.47139673682599786 0.881921264348355
vertex -1.0 0.4422886902190017 0.896872741532688
vertex 1.0 0.4422886902190017 0.8968727415326883
endloop
endfacet
facet normal 1.0 0.0 0.0
outer loop
vertex 1.0 0.47139673682599786 0.881921264348355
vertex 1.0 0.4422886902190017 0.8968727415326883
vertex 1.0 0.0 6.123233995736766e-17
endloop
endfacet
facet normal -1.0 -0.0 0.0
outer loop
vertex -1.0 0.4422886902190017 0.896872741532688
vertex -1.0 0.0 -6.123233995736766e-17
vertex -1.0 0.412707029804395 0.9108638249211756
endloop
endfacet
facet normal -1.0022507539664559e-16 0.42755509343028086 0.9039892931234439
outer loop
vertex -1.0 0.4422886902190017 0.896872741532688
vertex -1.0 0.412707029804395 0.9108638249211756
vertex 1.0 0.4422886902190017 0.8968727415326883
endloop
endfacet
facet normal -1.0036297272402671e-16 0.42755509343028086 0.9039892931234439
outer loop
vertex 1.0 0.4422886902190017 0.8968727415326883
vertex -1.0 0.412707029804395 0.9108638249211756
vertex 0.9999999999999999 0.412707029804395 0.9108638249211758
endloop
endfacet
facet normal 1.0 -3.0432661368660585e-15 1.5007727755914552e-15
outer loop
vertex 1.0 0.4422886902190017 0.8968727415326883
vertex 0.9999999999999999 0.412707029804395 0.9108638249211758
vertex 1.0 0.0 6.123233995736766e-17
endloop
endfacet
facet normal -1.0 -0.0 0.0
outer loop
vertex -1.0 0.412707029804395 0.9108638249211756
vertex -1.0 0.0 -6.123233995736766e-17
vertex -1.0 0.3826834323650899 0.9238795325112866
endloop
endfacet
facet normal -1.0188168821311896e-16 0.3977484745270126 0.9174944964474906
outer loop
vertex -1.0 0.412707029804395 0.9108638249211756
vertex -1.0 0.3826834323650899 0.9238795325112866
vertex 0.9999999999999999 0.412707029804395 0.9108638249211758
endloop
endfacet
facet normal -1.018623514922868e-16 0.3977484745270126 0.9174944964474906
outer loop
vertex 0.9999999999999999 0.412707029804395 0.9108638249211758
vertex -1.0 0.3826834323650899 0.9238795325112866
vertex 0.9999999999999999 0.3826834323650899 0.9238795325112868
endloop
endfacet
facet normal 1.0 4.4164863443886715e-17 1.0187598882511639e-16
outer loop
vertex 0.9999999999999999 0.412707029804395 0.9108638249211758
vertex 0.9999999999999999 0.3826834323650899 0.9238795325112868
vertex 1.0 0.0 6.123233995736766e-17
endloop
endfacet
facet normal -1.0 -0.0 0.0
outer loop
vertex -1.0 0.3826834323650899 0.9238795325112866
vertex -1.0 0.0 -6.123233995736766e-17
vertex -1.0 0.3522500479212339 0.9359059267573254
endloop
endfacet
facet normal -1.035383010295939e-16 0.3675159365947023 0.9300172236840126
outer loop
vertex -1.0 0.3826834323650899 0.9238795325112866
vertex -1.0 0.3522500479212339 0.9359059267573254
vertex 0.9999999999999999 0.3826834323650899 0.9238795325112868
endloop
endfacet
facet normal -1.0325265350319553e-16 0.3675159365947023 0.9300172236840126
outer loop
vertex 0.9999999999999999 0.3826834323650899 0.9238795325112868
vertex -1.0 0.3522500479212339 0.9359059267573254
vertex 0.9999999999999999 0.3522500479212339 0.9359059267573256
endloop
endfacet
facet normal 1.0 4.0807928106974616e-17 1.0326647696967489e-16
outer loop
vertex 0.9999999999999999 0.3826834323650899 0.9238795325112868
vertex 0.9999999999999999 0.3522500479212339 0.9359059267573256
vertex 1.0 0.0 6.123233995736766e-17
endloop
endfacet
facet normal -0.9999999999999999 -0.0 0.0
outer loop
vertex -1.0 0.3522500479212339 0.9359059267573254
vertex -1.0 0.0 -6.123233995736766e-17
vertex -1.0 0.32143946530316175 0.9469301294951055
endloop
endfacet
facet normal -1.0436660743782907e-16 0.3368898533922203 0.9415440651830208
outer loop
vertex -1.0 0.3522500479212339 0.9359059267573254
vertex -1.0 0.32143946530316175 0.9469301294951055
vertex 0.9999999999999999 0.3522500479212339 0.9359059267573256
endloop
endfacet
facet normal -1.0453238998653589e-16 0.3368898533922203 0.9415440651830208
outer loop
vertex 0.9999999999999999 0.3522500479212339 0.9359059267573256
vertex -1.0 0.32143946530316175 0.9469301294951055
vertex 0.9999999999999999 0.32143946530316175 0.9469301294951057
endloop
endfacet
facet normal 1.0 3.740729461851891e-17 1.0454638478415086e-16
outer loop
vertex 0.9999999999999999 0.3522500479212339 0.9359059267573256
vertex 0.9999999999999999 0.32143946530316175 0.9469301294951057
vertex 1.0 0.0 6.123233995736766e-17
endloop
endfacet
facet normal -1.0 -0.0 0.0
outer loop
vertex -1.0 0.32143946530316175 0.9469301294951055
vertex -1.0 0.0 -6.123233995736766e-17
vertex -1.0 0.2902846772544628 0.9569403357322086
endloop
endfacet
facet normal -1.0602322025430402e-16 0.3059030200965538 0.9520626777139242
outer loop
vertex -1.0 0.32143946530316175 0.9469301294951055
vertex -1.0 0.2902846772544628 0.9569403357322086
vertex 0.9999999999999999 0.32143946530316175 0.9469301294951057
endloop
endfacet
facet normal -1.0570019056842785e-16 0.3059030200965538 0.9520626777139242
outer loop
vertex 0.9999999999999999 0.32143946530316175 0.9469301294951057
vertex -1.0 0.2902846772544628 0.9569403357322086
vertex 0.9999999999999999 0.2902846772544628 0.9569403357322088
endloop
endfacet
facet normal 1.0 3.3966604462034976e-17 1.0571434171119862e-16
outer loop
vertex 0.9999999999999999 0.32143946530316175 0.9469301294951057
vertex 0.9999999999999999 0.2902846772544628 0.9569403357322088
vertex 1.0 0.0 6.123233995736766e-17
endloop
endfacet
facet normal -1.0 -0.0 0.0
outer loop
vertex -1.0 0.2902846772544628 0.9569403357322086
vertex -1.0 0.0 -6.123233995736766e-17
vertex -1.0 0.258819045102521 0.9659258262890681
endloop
endfacet
facet normal -1.0685152666253944e-16 0.274588618184933 0.9615617976829619
outer loop
vertex -1.0 0.2902846772544628 0.9569403357322086
vertex -1.0 0.258819045102521 0.9659258262890681
vertex 0.9999999999999999 0.2902846772544628 0.9569403357322088
endloop
endfacet
facet normal -1.0675480473875808e-16 0.274588618184933 0.9615617976829619
outer loop
vertex 0.9999999999999999 0.2902846772544628 0.9569403357322088
vertex -1.0 0.258819045102521 0.9659258262890681
vertex 0.9999999999999999 0.258819045102521 0.9659258262890683
endloop
endfacet
facet normal 1.0 3.0489542014722445e-17 1.0676909707328648e-16
outer loop
vertex 0.9999999999999999 0.2902846772544628 0.9569403357322088
vertex 0.9999999999999999 0.258819045102521 0.9659258262890683
vertex 1.0 0.0 6.123233995736766e-17
endloop
endfacet
facet normal -1.0 -0.0 0.0
outer loop
vertex -1.0 0.258819045102521 0.9659258262890681
vertex -1.0 0.0 -6.123233995736766e-17
vertex -1.0 0.22707626303437373 0.9738769792773334
endloop
endfacet
facet normal -1.076798330707776e-16 0.24298017990326462 0.9700312531945439
outer loop
vertex -1.0 0.258819045102521 0.9659258262890681
vertex -1.0 0.22707626303437373 0.9738769792773334
vertex 0.9999999999999999 0.258819045102521 0.9659258262890683
endloop
endfacet
facet normal -1.0769510319025775e-16 0.24298017990326462 0.9700312531945439
outer loop
vertex 0.9999999999999999 0.258819045102521 0.9659258262890683
vertex -1.0 0.22707626303437373 0.9738769792773334
vertex 0.9999999999999999 0.22707626303437373 0.9738769792773336
endloop
endfacet
facet normal 1.0 2.6979830602140786e-17 1.0770952141195406e-16
outer loop
vertex 0.9999999999999999 0.258819045102521 0.9659258262890683
vertex 0.9999999999999999 0.22707626303437373 0.9738769792773336
vertex 1.0 0.0 6.123233995736766e-17
endloop
endfacet
facet normal -1.0 -0.0 0.0
outer loop
vertex -1.0 0.22707626303437373 0.9738769792773334
vertex -1.0 0.0 -6.123233995736766e-17
vertex -1.0 0.1950903220161286 0.9807852804032303
endloop
endfacet
facet normal -1.0850813947901282e-16 0.21111155235896722 0.9774619749435715
outer loop
vertex -1.0 0.22707626303437373 0.9738769792773334
vertex -1.0 0.1950903220161286 0.9807852804032303
vertex 0.9999999999999999 0.22707626303437373 0.9738769792773336
endloop
endfacet
facet normal -1.0852007902779309e-16 0.21111155235896722 0.9774619749435715
outer loop
vertex 0.9999999999999999 0.22707626303437373 0.9738769792773336
vertex -1.0 0.1950903220161286 0.9807852804032303
vertex 0.9999999999999999 0.1950903220161286 0.9807852804032305
endloop
endfacet
facet normal 1.0 2.3441228511179414e-17 1.0853460769726433e-16
outer loop
vertex 0.9999999999999999 0.22707626303437373 0.9738769792773336
vertex 0.9999999999999999 0.1950903220161286 0.9807852804032305
vertex 1.0 0.0 6.123233995736766e-17
endloop
endfacet
facet normal -1.0 -0.0 0.0
outer loop
vertex -1.0 0.1950903220161286 0.9807852804032303
vertex -1.0 0.0 -6.123233995736766e-17
vertex -1.0 0.1628954733945889 0.9866433320848789
endloop
endfacet
facet normal -1.0933644588724964e-16 0.17901686127663147 0.9838460059270777
outer loop
vertex -1.0 0.1950903220161286 0.9807852804032303
vertex -1.0 0.1628954733945889 0.9866433320848789
vertex 0.9999999999999999 0.1950903220161286 0.9807852804032305
endloop
endfacet
facet normal -1.0922884884657399e-16 0.17901686127663147 0.9838460059270777
outer loop
vertex 0.9999999999999999 0.1950903220161286 0.9807852804032305
vertex -1.0 0.1628954733945889 0.9866433320848789
vertex 0.9999999999999999 0.1628954733945889 0.9866433320848791
endloop
endfacet
facet normal 1.0 1.9877524965589013e-17 1.09243472406157e-16
outer loop
vertex 0.9999999999999999 0.1950903220161286 0.9807852804032305
vertex 0.9999999999999999 0.1628954733945889 0.9866433320848791
vertex 1.0 0.0 6.123233995736766e-17
endloop
endfacet
facet normal -1.0 -0.0 0.0
outer loop
vertex -1.0 0.1628954733945889 0.9866433320848789
vertex -1.0 0.0 -6.123233995736766e-17
vertex -1.0 0.130526192220052 0.9914448613738103
endloop
endfacet
facet normal -1.0975059909136936e-16 0.14673047445536277 0.9891765099647808
outer loop
vertex -1.0 0.1628954733945889 0.9866433320848789
vertex -1.0 0.130526192220052 0.9914448613738103
vertex 0.9999999999999999 0.1628954733945889 0.9866433320848791
endloop
endfacet
facet normal -1.0982065367812552e-16 0.14673047445536277 0.9891765099647808
outer loop
vertex 0.9999999999999999 0.1628954733945889 0.9866433320848791
vertex -1.0 0.130526192220052 0.9914448613738103
vertex 0.9999999999999999 0.130526192220052 0.9914448613738105
endloop
endfacet
facet normal 1.0 1.6292536068388367e-17 1.0983535646854644e-16
outer loop
vertex 0.9999999999999999 0.1628954733945889 0.9866433320848791
vertex 0.9999999999999999 0.130526192220052 0.9914448613738105
vertex 1.0 0.0 6.123233995736766e-17
endloop
endfacet
facet normal -1.0 -0.0 0.0
outer loop
vertex -1.0 0.130526192220052 0.9914448613738103
vertex -1.0 0.0 -6.123233995736766e-17
vertex -1.0 0.09801714032956083 0.9951847266721967
endloop
endfacet
facet normal -1.1037182889754556e-16 0.1142869649668446 0.9934477790194446
outer loop
vertex -1.0 0.130526192220052 0.9914448613738103
vertex -1.0 0.09801714032956083 0.9951847266721967
vertex 0.9999999999999999 0.130526192220052 0.9914448613738105
endloop
endfacet
facet normal -1.1029485980301119e-16 0.1142869649668446 0.9934477790194446
outer loop
vertex 0.9999999999999999 0.130526192220052 0.9914448613738105
vertex -1.0 0.09801714032956083 0.9951847266721967
vertex 0.9999999999999999 0.09801714032956083 0.9951847266721969
endloop
endfacet
facet normal 1.0 1.2690100715481598e-17 1.1030962608015374e-16
outer loop
vertex 0.9999999999999999 0.130526192220052 0.9914448613738105
vertex 0.9999999999999999 0.09801714032956083 0.9951847266721969
vertex 1.0 0.0 6.123233995736766e-17
endloop
endfacet
facet normal -0.9999999999999999 -0.0 0.0
outer loop
vertex -1.0 0.09801714032956083 0.9951847266721967
vertex -1.0 0.0 -6.123233995736766e-17
vertex -1.0 0.06540312923014356 0.9978589232386034
endloop
endfacet
facet normal -1.1057890549960622e-16 0.08172107413367014 0.9966552393091802
outer loop
vertex -1.0 0.09801714032956083 0.9951847266721967
vertex -1.0 0.06540312923014356 0.9978589232386034
vertex 0.9999999999999999 0.09801714032956083 0.9951847266721969
endloop
endfacet
facet normal -1.1065095942943473e-16 0.08172107413367014 0.9966552393091802
outer loop
vertex 0.9999999999999999 0.09801714032956083 0.9951847266721969
vertex -1.0 0.06540312923014356 0.9978589232386034
vertex 0.9999999999999999 0.06540312923014356 0.9978589232386036
endloop
endfacet
facet normal 1.0 9.074076484877054e-18 1.106657733811995e-16
outer loop
vertex 0.9999999999999999 0.09801714032956083 0.9951847266721969
vertex 0.9999999999999999 0.06540312923014356 0.9978589232386036
vertex 1.0 0.0 6.123233995736766e-17
endloop
endfacet
facet normal -1.0 -0.0 0.0
outer loop
vertex -1.0 0.06540312923014356 0.9978589232386034
vertex -1.0 0.0 -6.123233995736766e-17
vertex -1.0 0.03271908282177645 0.9994645874763656
endloop
endfacet
facet normal -1.1088952040269345e-16 0.0490676743274198 0.9987954562051723
outer loop
vertex -1.0 0.06540312923014356 0.9978589232386034
vertex -1.0 0.03271908282177645 0.9994645874763656
vertex 0.9999999999999999 0.06540312923014356 0.9978589232386036
endloop
endfacet
facet normal -1.1088857123699695e-16 0.0490676743274198 0.9987954562051723
outer loop
vertex 0.9999999999999999 0.06540312923014356 0.9978589232386036
vertex -1.0 0.03271908282177645 0.9994645874763656
vertex 0.9999999999999999 0.03271908282177645 0.9994645874763658
endloop
endfacet
facet normal 1.0 5.448335505891242e-18 1.1090341700023332e-16
outer loop
vertex 0.9999999999999999 0.06540312923014356 0.9978589232386036
vertex 0.9999999999999999 0.03271908282177645 0.9994645874763658
vertex 1.0 0.0 6.123233995736766e-17
endloop
endfacet
facet normal -1.0 -0.0 0.0
outer loop
vertex -1.0 0.03271908282177645 0.9994645874763656
vertex -1.0 0.0 -6.123233995736766e-17
vertex -1.0 1.2246467991473532e-16 0.9999999999999999
endloop
endfacet
facet normal -1.1099305870372307e-16 0.016361731626485465 0.9998661379095617
outer loop
vertex -1.0 0.03271908282177645 0.9994645874763656
vertex -1.0 1.2246467991473532e-16 0.9999999999999999
vertex 0.9999999999999999 0.03271908282177645 0.9994645874763658
endloop
endfacet
facet normal -5.5503720392511386e-17 0.016361731626482075 0.9998661379095619
outer loop
vertex 0.9999999999999999 0.03271908282177645 0.9994645874763658
vertex -1.0 1.2246467991473532e-16 0.9999999999999999
vertex 0.9999999999999999 1.2246467991473532e-16 1.0
endloop
endfacet
facet normal 1.0 1.816760312779095e-18 1.1102230246251568e-16
outer loop
vertex 0.9999999999999999 0.03271908282177645 0.9994645874763658
vertex 0.9999999999999999 1.2246467991473532e-16 1.0
vertex 1.0 0.0 6.123233995736766e-17
endloop
endfacet
facet normal -1.0 -0.0 0.0
outer loop
vertex -1.0 1.2246467991473532e-16 0.9999999999999999
vertex -1.0 0.0 -6.123233995736766e-17
vertex -1.0 -0.03271908282177576 0.9994645874763656
endloop
endfacet
facet normal -5.5496529351862277e-17 -0.016361731626485684 0.9998661379095617
outer loop
vertex -1.0 1.2246467991473532e-16 0.9999999999999999
vertex -1.0 -0.03271908282177576 0.9994645874763656
vertex 0.9999999999999999 1.2246467991473532e-16 1.0
endloop
endfacet
facet normal -1.1100744078502277e-16 -0.016361731626482294 0.9998661379095619
outer loop
vertex 0.9999999999999999 1.2246467991473532e-16 1.0
vertex -1.0 -0.03271908282177576 0.9994645874763656
vertex 0.9999999999999999 -0.03271908282177576 0.9994645874763658
endloop
endfacet
facet normal 1.0 -1.816760312779119e-18 1.1102230246251565e-16
outer loop
vertex 0.9999999999999999 1.2246467991473532e-16 1.0
vertex 0.9999999999999999 -0.03271908282177576 0.9994645874763658
vertex 1.0 0.0 6.123233995736766e-17
endloop
endfacet
facet normal -1.0 -0.0 -0.0
outer loop
vertex -1.0 -0.03271908282177576 0.9994645874763656
vertex -1.0 0.0 -6.123233995736766e-17
vertex -1.0 -0.06540312923014287 0.9978589232386034
endloop
endfacet
facet normal -1.1088952040269348e-16 -0.049067674327419805 0.9987954562051723
outer loop
vertex -1.0 -0.03271908282177576 0.9994645874763656
vertex -1.0 -0.06540312923014287 0.9978589232386034
vertex 0.9999999999999999 -0.03271908282177576 0.9994645874763658
endloop
endfacet
facet normal -1.1088857123699695e-16 -0.049067674327419805 0.9987954562051723
outer loop
vertex 0.9999999999999999 -0.03271908282177576 0.9994645874763658
vertex -1.0 -0.06540312923014287 0.9978589232386034
vertex 0.9999999999999999 -0.06540312923014287 0.9978589232386036
endloop
endfacet
facet normal 1.0 -5.448335505891244e-18 1.1090341700023335e-16
outer loop
vertex 0.9999999999999999 -0.03271908282177576 0.9994645874763658
vertex 0.9999999999999999 -0.06540312923014287 0.9978589232386036
vertex 1.0 0.0 6.123233995736766e-17
endloop
endfacet
facet normal -1.0 -0.0 -0.0
outer loop
vertex -1.0 -0.06540312923014287 0.9978589232386034
vertex -1.0 0.0 -6.123233995736766e-17
vertex -1.0 -0.09801714032956015 0.9951847266721968
endloop
endfacet
facet normal -1.1078598210166539e-16 -0.08172107413366674 0.9966552393091804
outer loop
vertex -1.0 -0.06540312923014287 0.9978589232386034
vertex -1.0 -0.09801714032956015 0.9951847266721968
vertex 0.9999999999999999 -0.06540312923014287 0.9978589232386036
endloop
endfacet
facet normal -1.1065095942943475e-16 -0.08172107413366674 0.9966552393091804
outer loop
vertex 0.9999999999999999 -0.06540312923014287 0.9978589232386036
vertex -1.0 -0.09801714032956015 0.9951847266721968
vertex 0.9999999999999999 -0.09801714032956015 0.995184726672197
endloop
endfacet
facet normal 1.0 -9.074076484876675e-18 1.1066577338119953e-16
outer loop
vertex 0.9999999999999999 -0.06540312923014287 0.9978589232386036
vertex 0.9999999999999999 -0.09801714032956015 0.995184726672197
vertex 1.0 0.0 6.123233995736766e-17
endloop
endfacet
facet normal -1.0 -0.0 -0.0
outer loop
vertex -1.0 -0.09801714032956015 0.9951847266721968
vertex -1.0 0.0 -6.123233995736766e-17
vertex -1.0 -0.13052619222005132 0.9914448613738104
endloop
endfacet
facet normal -1.1016475229548633e-16 -0.11428696496684454 0.9934477790194446
outer loop
vertex -1.0 -0.09801714032956015 0.9951847266721968
vertex -1.0 -0.13052619222005132 0.9914448613738104
vertex 0.9999999999999999 -0.09801714032956015 0.995184726672197
endloop
endfacet
facet normal -1.1029485980301119e-16 -0.11428696496684454 0.9934477790194446
outer loop
vertex 0.9999999999999999 -0.09801714032956015 0.995184726672197
vertex -1.0 -0.13052619222005132 0.9914448613738104
vertex 0.9999999999999999 -0.13052619222005132 0.9914448613738106
endloop
endfacet
facet normal 1.0 -1.2690100715481592e-17 1.1030962608015374e-16
outer loop
vertex 0.9999999999999999 -0.09801714032956015 0.995184726672197
vertex 0.9999999999999999 -0.13052619222005132 0.9914448613738106
vertex 1.0 0.0 6.123233995736766e-17
endloop
endfacet
facet normal -1.0 -0.0 -0.0
outer loop
vertex -1.0 -0.13052619222005132 0.9914448613738104
vertex -1.0 0.0 -6.123233995736766e-17
vertex -1.0 -0.1628954733945882 0.986643332084879
endloop
endfacet
facet normal -1.0975059909136945e-16 -0.14673047445536289 0.9891765099647808
outer loop
vertex -1.0 -0.13052619222005132 0.9914448613738104
vertex -1.0 -0.1628954733945882 0.986643332084879
vertex 0.9999999999999999 -0.13052619222005132 0.9914448613738106
endloop
endfacet
facet normal -1.0982065367812552e-16 -0.14673047445536289 0.9891765099647808
outer loop
vertex 0.9999999999999999 -0.13052619222005132 0.9914448613738106
vertex -1.0 -0.1628954733945882 0.986643332084879
vertex 0.9999999999999999 -0.1628954733945882 0.9866433320848792
endloop
endfacet
facet normal 1.0 -1.6292536068388376e-17 1.0983535646854641e-16
outer loop
vertex 0.9999999999999999 -0.13052619222005132 0.9914448613738106
vertex 0.9999999999999999 -0.1628954733945882 0.9866433320848792
vertex 1.0 0.0 6.123233995736766e-17
endloop
endfacet
facet normal -1.0 -0.0 -0.0
outer loop
vertex -1.0 -0.1628954733945882 0.986643332084879
vertex -1.0 0.0 -6.123233995736766e-17
vertex -1.0 -0.19509032201612792 0.9807852804032304
endloop
endfacet
facet normal -1.0933644588724964e-16 -0.17901686127663147 0.9838460059270777
outer loop
vertex -1.0 -0.1628954733945882 0.986643332084879
vertex -1.0 -0.19509032201612792 0.9807852804032304
vertex 0.9999999999999999 -0.1628954733945882 0.9866433320848792
endloop
endfacet
facet normal -1.0922884884657399e-16 -0.17901686127663147 0.9838460059270777
outer loop
vertex 0.9999999999999999 -0.1628954733945882 0.9866433320848792
vertex -1.0 -0.19509032201612792 0.9807852804032304
vertex 0.9999999999999999 -0.19509032201612792 0.9807852804032307
endloop
endfacet
facet normal 1.0 -1.9877524965589013e-17 1.09243472406157e-16
outer loop
vertex 0.9999999999999999 -0.1628954733945882 0.9866433320848792
vertex 0.9999999999999999 -0.19509032201612792 0.9807852804032307
vertex 1.0 0.0 6.123233995736766e-17
endloop
endfacet
facet normal -1.0 -0.0 -0.0
outer loop
vertex -1.0 -0.19509032201612792 0.9807852804032304
vertex -1.0 0.0 -6.123233995736766e-17
vertex -1.0 -0.22707626303437303 0.9738769792773335
endloop
endfacet
facet normal -1.0850813947901282e-16 -0.21111155235896722 0.9774619749435715
outer loop
vertex -1.0 -0.19509032201612792 0.9807852804032304
vertex -1.0 -0.22707626303437303 0.9738769792773335
vertex 0.9999999999999999 -0.19509032201612792 0.9807852804032307
endloop
endfacet
facet normal -1.0852007902779309e-16 -0.21111155235896722 0.9774619749435715
outer loop
vertex 0.9999999999999999 -0.19509032201612792 0.9807852804032307
vertex -1.0 -0.22707626303437303 0.9738769792773335
vertex 0.9999999999999999 -0.22707626303437303 0.9738769792773337
endloop
endfacet
facet normal 1.0 -2.3441228511179414e-17 1.0853460769726433e-16
outer loop
vertex 0.9999999999999999 -0.19509032201612792 0.9807852804032307
vertex 0.9999999999999999 -0.22707626303437303 0.9738769792773337
vertex 1.0 0.0 6.123233995736766e-17
endloop
endfacet
facet normal -1.0 -0.0 -0.0
outer loop
vertex -1.0 -0.22707626303437303 0.9738769792773335
vertex -1.0 0.0 -6.123233995736766e-17
vertex -1.0 -0.25881904510252035 0.9659258262890683
endloop
endfacet
facet normal -1.076798330707776e-16 -0.2429801799032612 0.9700312531945448
outer loop
vertex -1.0 -0.22707626303437303 0.9738769792773335
vertex -1.0 -0.25881904510252035 0.9659258262890683
vertex 0.9999999999999999 -0.22707626303437303 0.9738769792773337
endloop
endfacet
facet normal -1.0769510319025785e-16 -0.2429801799032612 0.9700312531945448
outer loop
vertex 0.9999999999999999 -0.22707626303437303 0.9738769792773337
vertex -1.0 -0.25881904510252035 0.9659258262890683
vertex 0.9999999999999999 -0.25881904510252035 0.9659258262890685
endloop
endfacet
facet normal 1.0 -2.6979830602140407e-17 1.0770952141195416e-16
outer loop
vertex 0.9999999999999999 -0.22707626303437303 0.9738769792773337
vertex 0.9999999999999999 -0.25881904510252035 0.9659258262890685
vertex 1.0 0.0 6.123233995736766e-17
endloop
endfacet
facet normal -1.0 -0.0 -0.0
outer loop
vertex -1.0 -0.25881904510252035 0.9659258262890683
vertex -1.0 0.0 -6.123233995736766e-17
vertex -1.0 -0.2902846772544621 0.9569403357322088
endloop
endfacet
facet normal -1.0685152666253944e-16 -0.274588618184933 0.9615617976829619
outer loop
vertex -1.0 -0.25881904510252035 0.9659258262890683
vertex -1.0 -0.2902846772544621 0.9569403357322088
vertex 0.9999999999999999 -0.25881904510252035 0.9659258262890685
endloop
endfacet
facet normal -1.0675480473875808e-16 -0.274588618184933 0.9615617976829619
outer loop
vertex 0.9999999999999999 -0.25881904510252035 0.9659258262890685
vertex -1.0 -0.2902846772544621 0.9569403357322088
vertex 0.9999999999999999 -0.2902846772544621 0.956940335732209
endloop
endfacet
facet normal 1.0 -3.0489542014722445e-17 1.0676909707328648e-16
outer loop
vertex 0.9999999999999999 -0.25881904510252035 0.9659258262890685
vertex 0.9999999999999999 -0.2902846772544621 0.956940335732209
vertex 1.0 0.0 6.123233995736766e-17
endloop
endfacet
facet normal -1.0 -0.0 -0.0
outer loop
vertex -1.0 -0.2902846772544621 0.9569403357322088
vertex -1.0 0.0 -6.123233995736766e-17
vertex -1.0 -0.3214394653031611 0.9469301294951057
endloop
endfacet
facet normal -1.0519491384606728e-16 -0.3059030200965538 0.9520626777139242
outer loop
vertex -1.0 -0.2902846772544621 0.9569403357322088
vertex -1.0 -0.3214394653031611 0.9469301294951057
vertex 0.9999999999999999 -0.2902846772544621 0.956940335732209
endloop
endfacet
facet normal -1.0570019056842785e-16 -0.3059030200965538 0.9520626777139242
outer loop
vertex 0.9999999999999999 -0.2902846772544621 0.956940335732209
vertex -1.0 -0.3214394653031611 0.9469301294951057
vertex 0.9999999999999999 -0.3214394653031611 0.9469301294951059
endloop
endfacet
facet normal 1.0 -3.396660446203497e-17 1.057143417111986e-16
outer loop
vertex 0.9999999999999999 -0.2902846772544621 0.956940335732209
vertex 0.9999999999999999 -0.3214394653031611 0.9469301294951059
vertex 1.0 0.0 6.123233995736766e-17
endloop
endfacet
facet normal -1.0 -0.0 -0.0
outer loop
vertex -1.0 -0.3214394653031611 0.9469301294951057
vertex -1.0 0.0 -6.123233995736766e-17
vertex -1.0 -0.3522500479212332 0.9359059267573258
endloop
endfacet
facet normal -1.0519491384606592e-16 -0.3368898533922172 0.9415440651830217
outer loop
vertex -1.0 -0.3214394653031611 0.9469301294951057
vertex -1.0 -0.3522500479212332 0.9359059267573258
vertex 0.9999999999999999 -0.3214394653031611 0.9469301294951059
endloop
endfacet
facet normal -1.0453238998653599e-16 -0.3368898533922172 0.9415440651830217
outer loop
vertex 0.9999999999999999 -0.3214394653031611 0.9469301294951059
vertex -1.0 -0.3522500479212332 0.9359059267573258
vertex 0.9999999999999999 -0.3522500479212332 0.935905926757326
endloop
endfacet
facet normal 1.0 -3.740729461851857e-17 1.0454638478415097e-16
outer loop
vertex 0.9999999999999999 -0.3214394653031611 0.9469301294951059
vertex 0.9999999999999999 -0.3522500479212332 0.935905926757326
vertex 1.0 0.0 6.123233995736766e-17
endloop
endfacet
facet normal -1.0 -0.0 -0.0
outer loop
vertex -1.0 -0.3522500479212332 0.9359059267573258
vertex -1.0 0.0 -6.123233995736766e-17
vertex -1.0 -0.3826834323650892 0.9238795325112868
endloop
endfacet
facet normal -1.0353830102959378e-16 -0.3675159365947052 0.9300172236840114
outer loop
vertex -1.0 -0.3522500479212332 0.9359059267573258
vertex -1.0 -0.3826834323650892 0.9238795325112868
vertex 0.9999999999999999 -0.3522500479212332 0.935905926757326
endloop
endfacet
facet normal -1.0325265350319539e-16 -0.3675159365947052 0.9300172236840114
outer loop
vertex 0.9999999999999999 -0.3522500479212332 0.935905926757326
vertex -1.0 -0.3826834323650892 0.9238795325112868
vertex 0.9999999999999999 -0.3826834323650892 0.9238795325112871
endloop
endfacet
facet normal 1.0 -4.080792810697494e-17 1.0326647696967475e-16
outer loop
vertex 0.9999999999999999 -0.3522500479212332 0.935905926757326
vertex 0.9999999999999999 -0.3826834323650892 0.9238795325112871
vertex 1.0 0.0 6.123233995736766e-17
endloop
endfacet
facet normal -1.0 -0.0 -0.0
outer loop
vertex -1.0 -0.3826834323650892 0.9238795325112868
vertex -1.0 0.0 -6.123233995736766e-17
vertex -1.0 -0.4127070298043944 0.9108638249211759
endloop
endfacet
facet normal -1.0188168821311894e-16 -0.3977484745270091 0.9174944964474921
outer loop
vertex -1.0 -0.3826834323650892 0.9238795325112868
vertex -1.0 -0.4127070298043944 0.9108638249211759
vertex 0.9999999999999999 -0.3826834323650892 0.9238795325112871
endloop
endfacet
facet normal -1.0186235149228697e-16 -0.3977484745270091 0.9174944964474921
outer loop
vertex 0.9999999999999999 -0.3826834323650892 0.9238795325112871
vertex -1.0 -0.4127070298043944 0.9108638249211759
vertex 0.9999999999999999 -0.4127070298043944 0.9108638249211761
endloop
endfacet
facet normal 1.0 -4.416486344388633e-17 1.0187598882511657e-16
outer loop
vertex 0.9999999999999999 -0.3826834323650892 0.9238795325112871
vertex 0.9999999999999999 -0.4127070298043944 0.9108638249211761
vertex 1.0 0.0 6.123233995736766e-17
endloop
endfacet
facet normal -1.0 -0.0 -0.0
outer loop
vertex -1.0 -0.4127070298043944 0.9108638249211759
vertex -1.0 0.0 -6.123233995736766e-17
vertex -1.0 -0.4422886902190011 0.8968727415326883
endloop
endfacet
facet normal -1.0022507539664543e-16 -0.4275550934302836 0.9039892931234425
outer loop
vertex -1.0 -0.4127070298043944 0.9108638249211759
vertex -1.0 -0.4422886902190011 0.8968727415326883
vertex 0.9999999999999999 -0.4127070298043944 0.9108638249211761
endloop
endfacet
facet normal -1.0036297272402655e-16 -0.4275550934302836 0.9039892931234425
outer loop
vertex 0.9999999999999999 -0.4127070298043944 0.9108638249211761
vertex -1.0 -0.4422886902190011 0.8968727415326883
vertex 1.0 -0.4422886902190011 0.8968727415326885
endloop
endfacet
facet normal 1.0 3.043266136866055e-15 1.5007727755914509e-15
outer loop
vertex 0.9999999999999999 -0.4127070298043944 0.9108638249211761
vertex 1.0 -0.4422886902190011 0.8968727415326885
vertex 1.0 0.0 6.123233995736766e-17
endloop
endfacet
facet normal -1.0 -0.0 -0.0
outer loop
vertex -1.0 -0.4422886902190011 0.8968727415326883
vertex -1.0 0.0 -6.123233995736766e-17
vertex -1.0 -0.47139673682599725 0.8819212643483552
endloop
endfacet
facet normal -9.85684625801733e-17 -0.45690387563041873 0.8895160754218571
outer loop
vertex -1.0 -0.4422886902190011 0.8968727415326883
vertex -1.0 -0.47139673682599725 0.8819212643483552
vertex 1.0 -0.4422886902190011 0.8968727415326885
endloop
endfacet
facet normal -9.87561227707553e-17 -0.45690387563041873 0.8895160754218571
outer loop
vertex 1.0 -0.4422886902190011 0.8968727415326885
vertex -1.0 -0.47139673682599725 0.8819212643483552
vertex 1.0 -0.47139673682599725 0.8819212643483554
endloop
endfacet
facet normal 1.0 0.0 0.0
outer loop
vertex 1.0 -0.4422886902190011 0.8968727415326885
vertex 1.0 -0.47139673682599725 0.8819212643483554
vertex 1.0 0.0 6.123233995736766e-17
endloop
endfacet
facet normal -1.0 -0.0 -0.0
outer loop
vertex -1.0 -0.47139673682599725 0.8819212643483552
vertex -1.0 0.0 -6.123233995736766e-17
vertex -1.0 -0.4999999999999998 0.8660254037844387
endloop
endfacet
facet normal -9.69118497636985e-17 -0.4857633937163395 0.8740903416267592
outer loop
vertex -1.0 -0.47139673682599725 0.8819212643483552
vertex -1.0 -0.4999999999999998 0.8660254037844387
vertex 1.0 -0.47139673682599725 0.8819212643483554
endloop
endfacet
facet normal -9.70435222876497e-17 -0.4857633937163395 0.8740903416267592
outer loop
vertex 1.0 -0.47139673682599725 0.8819212643483554
vertex -1.0 -0.4999999999999998 0.8660254037844387
vertex 1.0 -0.4999999999999998 0.8660254037844389
endloop
endfacet
facet normal 1.0 0.0 0.0
outer loop
vertex 1.0 -0.47139673682599725 0.8819212643483554
vertex 1.0 -0.4999999999999998 0.8660254037844389
vertex 1.0 0.0 6.123233995736766e-17
endloop
endfacet
facet normal -1.0 -0.0 -0.0
outer loop
vertex -1.0 -0.4999999999999998 0.8660254037844387
vertex -1.0 0.0 -6.123233995736766e-17
vertex -1.0 -0.5280678506503675 0.8492021815265791
endloop
endfacet
facet normal -9.525523694722639e-17 -0.5141027441932212 0.8577286100002726
outer loop
vertex -1.0 -0.4999999999999998 0.8660254037844387
vertex -1.0 -0.5280678506503675 0.8492021815265791
vertex 1.0 -0.4999999999999998 0.8660254037844389
endloop
endfacet
facet normal -9.522700517020339e-17 -0.5141027441932212 0.8577286100002726
outer loop
vertex 1.0 -0.4999999999999998 0.8660254037844389
vertex -1.0 -0.5280678506503675 0.8492021815265791
vertex 1.0 -0.5280678506503675 0.8492021815265793
endloop
endfacet
facet normal 1.0 0.0 0.0
outer loop
vertex 1.0 -0.4999999999999998 0.8660254037844389
vertex 1.0 -0.5280678506503675 0.8492021815265793
vertex 1.0 0.0 6.123233995736766e-17
endloop
endfacet
facet normal -1.0 -0.0 -0.0
outer loop
vertex -1.0 -0.5280678506503675 0.8492021815265791
vertex -1.0 0.0 -6.123233995736766e-17
vertex -1.0 -0.555570233019602 0.8314696123025453
endloop
endfacet
facet normal -9.27703177225147e-17 -0.5418915805747516 0.840448401094438
outer loop
vertex -1.0 -0.5280678506503675 0.8492021815265791
vertex -1.0 -0.555570233019602 0.8314696123025453
vertex 1.0 -0.5280678506503675 0.8492021815265793
endloop
endfacet
facet normal -9.330851659044436e-17 -0.5418915805747516 0.840448401094438
outer loop
vertex 1.0 -0.5280678506503675 0.8492021815265793
vertex -1.0 -0.555570233019602 0.8314696123025453
vertex 1.0 -0.555570233019602 0.8314696123025456
endloop
endfacet
facet normal 1.0 0.0 0.0
outer loop
vertex 1.0 -0.5280678506503675 0.8492021815265793
vertex 1.0 -0.555570233019602 0.8314696123025456
vertex 1.0 0.0 6.123233995736766e-17
endloop
endfacet
facet normal -1.0 -0.0 -0.0
outer loop
vertex -1.0 -0.555570233019602 0.8314696123025453
vertex -1.0 0.0 -6.123233995736766e-17
vertex -1.0 -0.5824776968678016 0.8128466845916155
endloop
endfacet
facet normal -9.11137049060427e-17 -0.5691001458788993 0.8222682189897742
outer loop
vertex -1.0 -0.555570233019602 0.8314696123025453
vertex -1.0 -0.5824776968678016 0.8128466845916155
vertex 1.0 -0.555570233019602 0.8314696123025456
endloop
endfacet
facet normal -9.129011091399677e-17 -0.5691001458788993 0.8222682189897742
outer loop
vertex 1.0 -0.555570233019602 0.8314696123025456
vertex -1.0 -0.5824776968678016 0.8128466845916155
vertex 1.0 -0.5824776968678016 0.8128466845916157
endloop
endfacet
facet normal 1.0 0.0 0.0
outer loop
vertex 1.0 -0.555570233019602 0.8314696123025456
vertex 1.0 -0.5824776968678016 0.8128466845916157
vertex 1.0 0.0 6.123233995736766e-17
endloop
endfacet
facet normal -1.0 -0.0 -0.0
outer loop
vertex -1.0 -0.5824776968678016 0.8128466845916155
vertex -1.0 0.0 -6.123233995736766e-17
vertex -1.0 -0.6087614290087203 0.7933533402912353
endloop
endfacet
facet normal -8.945709208956761e-17 -0.5956993044924326 0.8032075314806454
outer loop
vertex -1.0 -0.5824776968678016 0.8128466845916155
vertex -1.0 -0.6087614290087203 0.7933533402912353
vertex 1.0 -0.5824776968678016 0.8128466845916157
endloop
endfacet
facet normal -8.917394950021478e-17 -0.5956993044924326 0.8032075314806454
outer loop
vertex 1.0 -0.5824776968678016 0.8128466845916157
vertex -1.0 -0.6087614290087203 0.7933533402912353
vertex 1.0 -0.6087614290087203 0.7933533402912355
endloop
endfacet
facet normal 1.0 0.0 0.0
outer loop
vertex 1.0 -0.5824776968678016 0.8128466845916157
vertex 1.0 -0.6087614290087203 0.7933533402912355
vertex 1.0 0.0 6.123233995736766e-17
endloop
endfacet
facet normal -1.0 -0.0 -0.0
outer loop
vertex -1.0 -0.6087614290087203 0.7933533402912353
vertex -1.0 0.0 -6.123233995736766e-17
vertex -1.0 -0.6343932841636453 0.773010453362737
endloop
endfacet
facet normal -8.780047927309455e-17 -0.6216605733700776 0.7832867492286502
outer loop
vertex -1.0 -0.6087614290087203 0.7933533402912353
vertex -1.0 -0.6343932841636453 0.773010453362737
vertex 1.0 -0.6087614290087203 0.7933533402912355
endloop
endfacet
facet normal -8.696229838774385e-17 -0.6216605733700776 0.7832867492286502
outer loop
vertex 1.0 -0.6087614290087203 0.7933533402912355
vertex -1.0 -0.6343932841636453 0.773010453362737
vertex 1.0 -0.6343932841636453 0.7730104533627372
endloop
endfacet
facet normal 1.0 0.0 0.0
outer loop
vertex 1.0 -0.6087614290087203 0.7933533402912355
vertex 1.0 -0.6343932841636453 0.7730104533627372
vertex 1.0 0.0 6.123233995736766e-17
endloop
endfacet
facet normal -1.0 -0.0 -0.0
outer loop
vertex -1.0 -0.6343932841636453 0.773010453362737
vertex -1.0 0.0 -6.123233995736766e-17
vertex -1.0 -0.6593458151000685 0.7518398074789776
endloop
endfacet
facet normal -8.448725364014843e-17 -0.646956152534856 0.7625272039063892
outer loop
vertex -1.0 -0.6343932841636453 0.773010453362737
vertex -1.0 -0.6593458151000685 0.7518398074789776
vertex 1.0 -0.6343932841636453 0.7730104533627372
endloop
endfacet
facet normal -8.465752586799149e-17 -0.646956152534856 0.7625272039063892
outer loop
vertex 1.0 -0.6343932841636453 0.7730104533627372
vertex -1.0 -0.6593458151000685 0.7518398074789776
vertex 1.0 -0.6593458151000685 0.7518398074789778
endloop
endfacet
facet normal 1.0 0.0 0.0
outer loop
vertex 1.0 -0.6343932841636453 0.7730104533627372
vertex 1.0 -0.6593458151000685 0.7518398074789778
vertex 1.0 0.0 6.123233995736766e-17
endloop
endfacet
facet normal -1.0 -0.0 -0.0
outer loop
vertex -1.0 -0.6593458151000685 0.7518398074789776
vertex -1.0 0.0 -6.123233995736766e-17
vertex -1.0 -0.683592302022871 0.7298640726978357
endloop
endfacet
facet normal -8.117402800720047e-17 -0.6715589548470197 0.7409511253549581
outer loop
vertex -1.0 -0.6593458151000685 0.7518398074789776
vertex -1.0 -0.683592302022871 0.7298640726978357
vertex 1.0 -0.6593458151000685 0.7518398074789778
endloop
endfacet
facet normal -8.226209994909951e-17 -0.6715589548470197 0.7409511253549581
outer loop
vertex 1.0 -0.6593458151000685 0.7518398074789778
vertex -1.0 -0.683592302022871 0.7298640726978357
vertex 1.0 -0.683592302022871 0.7298640726978359
endloop
endfacet
facet normal 1.0 0.0 0.0
outer loop
vertex 1.0 -0.6593458151000685 0.7518398074789778
vertex 1.0 -0.683592302022871 0.7298640726978359
vertex 1.0 0.0 6.123233995736766e-17
endloop
endfacet
facet normal -1.0 -0.0 -0.0
outer loop
vertex -1.0 -0.683592302022871 0.7298640726978357
vertex -1.0 0.0 -6.123233995736766e-17
vertex -1.0 -0.7071067811865471 0.7071067811865478
endloop
endfacet
facet normal -7.951741519072803e-17 -0.6954426350096103 0.7185816177796994
outer loop
vertex -1.0 -0.683592302022871 0.7298640726978357
vertex -1.0 -0.7071067811865471 0.7071067811865478
vertex 1.0 -0.683592302022871 0.7298640726978359
endloop
endfacet
facet normal -7.97785857131416e-17 -0.6954426350096103 0.7185816177796994
outer loop
vertex 1.0 -0.683592302022871 0.7298640726978359
vertex -1.0 -0.7071067811865471 0.7071067811865478
vertex 1.0 -0.7071067811865471 0.707106781186548
endloop
endfacet
facet normal 1.0 0.0 0.0
outer loop
vertex 1.0 -0.683592302022871 0.7298640726978359
vertex 1.0 -0.7071067811865471 0.707106781186548
vertex 1.0 0.0 6.123233995736766e-17
endloop
endfacet
facet normal -1.0 -0.0 -0.0
outer loop
vertex -1.0 -0.7071067811865471 0.7071067811865478
vertex -1.0 0.0 -6.123233995736766e-17
vertex -1.0 -0.7298640726978354 0.6835923020228715
endloop
endfacet
facet normal -7.620418955778012e-17 -0.7185816177796974 0.6954426350096121
outer loop
vertex -1.0 -0.7071067811865471 0.7071067811865478
vertex -1.0 -0.7298640726978354 0.6835923020228715
vertex 1.0 -0.7071067811865471 0.707106781186548
endloop
endfacet
facet normal -7.720964256936603e-17 -0.7185816177796974 0.6954426350096121
outer loop
vertex 1.0 -0.7071067811865471 0.707106781186548
vertex -1.0 -0.7298640726978354 0.6835923020228715
vertex 1.0 -0.7298640726978354 0.6835923020228717
endloop
endfacet
facet normal 1.0 0.0 0.0
outer loop
vertex 1.0 -0.7071067811865471 0.707106781186548
vertex 1.0 -0.7298640726978354 0.6835923020228717
vertex 1.0 0.0 6.123233995736766e-17
endloop
endfacet
facet normal -1.0 -0.0 -0.0
outer loop
vertex -1.0 -0.7298640726978354 0.6835923020228715
vertex -1.0 0.0 -6.123233995736766e-17
vertex -1.0 -0.7518398074789773 0.659345815100069
endloop
endfacet
facet normal -7.454757674130656e-17 -0.7409511253549581 0.6715589548470197
outer loop
vertex -1.0 -0.7298640726978354 0.6835923020228715
vertex -1.0 -0.7518398074789773 0.659345815100069
vertex 1.0 -0.7298640726978354 0.6835923020228717
endloop
endfacet
facet normal -7.455802140643671e-17 -0.7409511253549581 0.6715589548470197
outer loop
vertex 1.0 -0.7298640726978354 0.6835923020228717
vertex -1.0 -0.7518398074789773 0.659345815100069
vertex 1.0 -0.7518398074789773 0.6593458151000692
endloop
endfacet
facet normal 1.0 0.0 0.0
outer loop
vertex 1.0 -0.7298640726978354 0.6835923020228717
vertex 1.0 -0.7518398074789773 0.6593458151000692
vertex 1.0 0.0 6.123233995736766e-17
endloop
endfacet
facet normal -1.0 -0.0 -0.0
outer loop
vertex -1.0 -0.7518398074789773 0.659345815100069
vertex -1.0 0.0 -6.123233995736766e-17
vertex -1.0 -0.7730104533627367 0.6343932841636457
endloop
endfacet
facet normal -7.123435110836044e-17 -0.7625272039063892 0.646956152534856
outer loop
vertex -1.0 -0.7518398074789773 0.659345815100069
vertex -1.0 -0.7730104533627367 0.6343932841636457
vertex 1.0 -0.7518398074789773 0.6593458151000692
endloop
endfacet
facet normal -7.18265616467102e-17 -0.7625272039063892 0.646956152534856
outer loop
vertex 1.0 -0.7518398074789773 0.6593458151000692
vertex -1.0 -0.7730104533627367 0.6343932841636457
vertex 1.0 -0.7730104533627367 0.6343932841636459
endloop
endfacet
facet normal 1.0 0.0 0.0
outer loop
vertex 1.0 -0.7518398074789773 0.6593458151000692
vertex 1.0 -0.7730104533627367 0.6343932841636459
vertex 1.0 0.0 6.123233995736766e-17
endloop
endfacet
facet normal -1.0 -0.0 -0.0
outer loop
vertex -1.0 -0.7730104533627367 0.6343932841636457
vertex -1.0 0.0 -6.123233995736766e-17
vertex -1.0 -0.7933533402912349 0.6087614290087208
endloop
endfacet
facet normal -6.957773829188625e-17 -0.7832867492286502 0.6216605733700776
outer loop
vertex -1.0 -0.7730104533627367 0.6343932841636457
vertex -1.0 -0.7933533402912349 0.6087614290087208
vertex 1.0 -0.7730104533627367 0.6343932841636459
endloop
endfacet
facet normal -6.901818820571366e-17 -0.7832867492286502 0.6216605733700776
outer loop
vertex 1.0 -0.7730104533627367 0.6343932841636459
vertex -1.0 -0.7933533402912349 0.6087614290087208
vertex 1.0 -0.7933533402912349 0.608761429008721
endloop
endfacet
facet normal 1.0 0.0 0.0
outer loop
vertex 1.0 -0.7730104533627367 0.6343932841636459
vertex 1.0 -0.7933533402912349 0.608761429008721
vertex 1.0 0.0 6.123233995736766e-17
endloop
endfacet
facet normal -1.0 -0.0 -0.0
outer loop
vertex -1.0 -0.7933533402912349 0.6087614290087208
vertex -1.0 0.0 -6.123233995736766e-17
vertex -1.0 -0.8128466845916151 0.5824776968678022
endloop
endfacet
facet normal -6.626451265893914e-17 -0.8032075314806442 0.5956993044924341
outer loop
vertex -1.0 -0.7933533402912349 0.6087614290087208
vertex -1.0 -0.8128466845916151 0.5824776968678022
vertex 1.0 -0.7933533402912349 0.608761429008721
endloop
endfacet
facet normal -6.613590836006923e-17 -0.8032075314806442 0.5956993044924341
outer loop
vertex 1.0 -0.7933533402912349 0.608761429008721
vertex -1.0 -0.8128466845916151 0.5824776968678022
vertex 1.0 -0.8128466845916151 0.5824776968678024
endloop
endfacet
facet normal 1.0 0.0 0.0
outer loop
vertex 1.0 -0.7933533402912349 0.608761429008721
vertex 1.0 -0.8128466845916151 0.5824776968678024
vertex 1.0 0.0 6.123233995736766e-17
endloop
endfacet
facet normal -1.0 -0.0 -0.0
outer loop
vertex -1.0 -0.8128466845916151 0.5824776968678022
vertex -1.0 0.0 -6.123233995736766e-17
vertex -1.0 -0.8314696123025448 0.5555702330196028
endloop
endfacet
facet normal -6.295128702599391e-17 -0.8222682189897742 0.5691001458788996
outer loop
vertex -1.0 -0.8128466845916151 0.5824776968678022
vertex -1.0 -0.8314696123025448 0.5555702330196028
vertex 1.0 -0.8128466845916151 0.5824776968678024
endloop
endfacet
facet normal -6.318280852722897e-17 -0.8222682189897742 0.5691001458788996
outer loop
vertex 1.0 -0.8128466845916151 0.5824776968678024
vertex -1.0 -0.8314696123025448 0.5555702330196028
vertex 1.0 -0.8314696123025448 0.5555702330196031
endloop
endfacet
facet normal 1.0 0.0 0.0
outer loop
vertex 1.0 -0.8128466845916151 0.5824776968678024
vertex 1.0 -0.8314696123025448 0.5555702330196031
vertex 1.0 0.0 6.123233995736766e-17
endloop
endfacet
facet normal -0.9999999999999999 -0.0 -0.0
outer loop
vertex -1.0 -0.8314696123025448 0.5555702330196028
vertex -1.0 0.0 -6.123233995736766e-17
vertex -1.0 -0.8492021815265786 0.5280678506503684
endloop
endfacet
facet normal -5.963806139304517e-17 -0.840448401094438 0.5418915805747516
outer loop
vertex -1.0 -0.8314696123025448 0.5555702330196028
vertex -1.0 -0.8492021815265786 0.5280678506503684
vertex 1.0 -0.8314696123025448 0.5555702330196031
endloop
endfacet
facet normal -6.016205096046075e-17 -0.840448401094438 0.5418915805747516
outer loop
vertex 1.0 -0.8314696123025448 0.5555702330196031
vertex -1.0 -0.8492021815265786 0.5280678506503684
vertex 1.0 -0.8492021815265786 0.5280678506503687
endloop
endfacet
facet normal 1.0 0.0 0.0
outer loop
vertex 1.0 -0.8314696123025448 0.5555702330196031
vertex 1.0 -0.8492021815265786 0.5280678506503687
vertex 1.0 0.0 6.123233995736766e-17
endloop
endfacet
facet normal -1.0 -0.0 -0.0
outer loop
vertex -1.0 -0.8492021815265786 0.5280678506503684
vertex -1.0 0.0 -6.123233995736766e-17
vertex -1.0 -0.8660254037844384 0.5000000000000003
endloop
endfacet
facet normal -5.715314216833513e-17 -0.8577286100002721 0.5141027441932217
outer loop
vertex -1.0 -0.8492021815265786 0.5280678506503684
vertex -1.0 -0.8660254037844384 0.5000000000000003
vertex 1.0 -0.8492021815265786 0.5280678506503687
endloop
endfacet
facet normal -5.707687036262917e-17 -0.8577286100002721 0.5141027441932217
outer loop
vertex 1.0 -0.8492021815265786 0.5280678506503687
vertex -1.0 -0.8660254037844384 0.5000000000000003
vertex 1.0 -0.8660254037844384 0.5000000000000006
endloop
endfacet
facet normal 1.0 0.0 0.0
outer loop
vertex 1.0 -0.8492021815265786 0.5280678506503687
vertex 1.0 -0.8660254037844384 0.5000000000000006
vertex 1.0 0.0 6.123233995736766e-17
endloop
endfacet
facet normal -0.9999999999999999 -0.0 -0.0
outer loop
vertex -1.0 -0.8660254037844384 0.5000000000000003
vertex -1.0 0.0 -6.123233995736766e-17
vertex -1.0 -0.8819212643483549 0.47139673682599786
endloop
endfacet
facet normal -5.383991653538804e-17 -0.8740903416267573 0.48576339371634275
outer loop
vertex -1.0 -0.8660254037844384 0.5000000000000003
vertex -1.0 -0.8819212643483549 0.47139673682599786
vertex 1.0 -0.8660254037844384 0.5000000000000006
endloop
endfacet
facet normal -2.696528521119686e-17 -0.8740903416267581 0.4857633937163413
outer loop
vertex 1.0 -0.8660254037844384 0.5000000000000006
vertex -1.0 -0.8819212643483549 0.47139673682599786
vertex 1.0 -0.8819212643483549 0.471396736825998
endloop
endfacet
facet normal 1.0 0.0 0.0
outer loop
vertex 1.0 -0.8660254037844384 0.5000000000000006
vertex 1.0 -0.8819212643483549 0.471396736825998
vertex 1.0 0.0 6.123233995736766e-17
endloop
endfacet
facet normal -0.9999999999999999 -0.0 -0.0
outer loop
vertex -1.0 -0.8819212643483549 0.47139673682599786
vertex -1.0 0.0 -6.123233995736766e-17
vertex -1.0 -0.8968727415326883 0.4422886902190013
endloop
endfacet
facet normal -2.567749865533891e-17 -0.8895160754218567 0.45690387563041923
outer loop
vertex -1.0 -0.8819212643483549 0.47139673682599786
vertex -1.0 -0.8968727415326883 0.4422886902190013
vertex 1.0 -0.8819212643483549 0.471396736825998
endloop
endfacet
facet normal -2.536326013826802e-17 -0.8895160754218567 0.45690387563041923
outer loop
vertex 1.0 -0.8819212643483549 0.471396736825998
vertex -1.0 -0.8968727415326883 0.4422886902190013
vertex 1.0 -0.8968727415326883 0.4422886902190014
endloop
endfacet
facet normal 1.0 0.0 0.0
outer loop
vertex 1.0 -0.8819212643483549 0.471396736825998
vertex 1.0 -0.8968727415326883 0.4422886902190014
vertex 1.0 0.0 6.123233995736766e-17
endloop
endfacet
facet normal -1.0 -0.0 -0.0
outer loop
vertex -1.0 -0.8968727415326883 0.4422886902190013
vertex -1.0 0.0 -6.123233995736766e-17
vertex -1.0 -0.9108638249211755 0.4127070298043954
endloop
endfacet
facet normal -2.4020885838866093e-17 -0.9039892931234436 0.42755509343028175
outer loop
vertex -1.0 -0.8968727415326883 0.4422886902190013
vertex -1.0 -0.9108638249211755 0.4127070298043954
vertex 1.0 -0.8968727415326883 0.4422886902190014
endloop
endfacet
facet normal -2.373407545110294e-17 -0.9039892931234436 0.42755509343028175
outer loop
vertex 1.0 -0.8968727415326883 0.4422886902190014
vertex -1.0 -0.9108638249211755 0.4127070298043954
vertex 1.0 -0.9108638249211755 0.4127070298043955
endloop
endfacet
facet normal 1.0 0.0 0.0
outer loop
vertex 1.0 -0.8968727415326883 0.4422886902190014
vertex 1.0 -0.9108638249211755 0.4127070298043955
vertex 1.0 0.0 6.123233995736766e-17
endloop
endfacet
facet normal -1.0 -0.0 -0.0
outer loop
vertex -1.0 -0.9108638249211755 0.4127070298043954
vertex -1.0 0.0 -6.123233995736766e-17
vertex -1.0 -0.9238795325112865 0.3826834323650903
endloop
endfacet
facet normal -2.2364273022391968e-17 -0.9174944964474906 0.3977484745270126
outer loop
vertex -1.0 -0.9108638249211755 0.4127070298043954
vertex -1.0 -0.9238795325112865 0.3826834323650903
vertex 1.0 -0.9108638249211755 0.4127070298043955
endloop
endfacet
facet normal -2.20794757214711e-17 -0.9174944964474906 0.3977484745270126
outer loop
vertex 1.0 -0.9108638249211755 0.4127070298043955
vertex -1.0 -0.9238795325112865 0.3826834323650903
vertex 1.0 -0.9238795325112865 0.3826834323650904
endloop
endfacet
facet normal 1.0 0.0 0.0
outer loop
vertex 1.0 -0.9108638249211755 0.4127070298043955
vertex 1.0 -0.9238795325112865 0.3826834323650904
vertex 1.0 0.0 6.123233995736766e-17
endloop
endfacet
facet normal -1.0 -0.0 -0.0
outer loop
vertex -1.0 -0.9238795325112865 0.3826834323650903
vertex -1.0 0.0 -6.123233995736766e-17
vertex -1.0 -0.9359059267573255 0.3522500479212339
endloop
endfacet
facet normal -2.07076602059185e-17 -0.930017223684012 0.3675159365947041
outer loop
vertex -1.0 -0.9238795325112865 0.3826834323650903
vertex -1.0 -0.9359059267573255 0.3522500479212339
vertex 1.0 -0.9238795325112865 0.3826834323650904
endloop
endfacet
facet normal -2.0401232736205982e-17 -0.930017223684012 0.3675159365947041
outer loop
vertex 1.0 -0.9238795325112865 0.3826834323650904
vertex -1.0 -0.9359059267573255 0.3522500479212339
vertex 1.0 -0.9359059267573255 0.352250047921234
endloop
endfacet
facet normal 1.0 0.0 0.0
outer loop
vertex 1.0 -0.9238795325112865 0.3826834323650904
vertex 1.0 -0.9359059267573255 0.352250047921234
vertex 1.0 0.0 6.123233995736766e-17
endloop
endfacet
facet normal -0.9999999999999999 -0.0 -0.0
outer loop
vertex -1.0 -0.9359059267573255 0.3522500479212339
vertex -1.0 0.0 -6.123233995736766e-17
vertex -1.0 -0.9469301294951056 0.32143946530316175
endloop
endfacet
facet normal -1.905104738944499e-17 -0.9415440651830208 0.3368898533922203
outer loop
vertex -1.0 -0.9359059267573255 0.3522500479212339
vertex -1.0 -0.9469301294951056 0.32143946530316175
vertex 1.0 -0.9359059267573255 0.352250047921234
endloop
endfacet
facet normal -1.8701143599931817e-17 -0.9415440651830208 0.3368898533922203
outer loop
vertex 1.0 -0.9359059267573255 0.352250047921234
vertex -1.0 -0.9469301294951056 0.32143946530316175
vertex 1.0 -0.9469301294951056 0.32143946530316186
endloop
endfacet
facet normal 1.0 0.0 0.0
outer loop
vertex 1.0 -0.9359059267573255 0.352250047921234
vertex 1.0 -0.9469301294951056 0.32143946530316186
vertex 1.0 0.0 6.123233995736766e-17
endloop
endfacet
facet normal -1.0 -0.0 -0.0
outer loop
vertex -1.0 -0.9469301294951056 0.32143946530316175
vertex -1.0 0.0 -6.123233995736766e-17
vertex -1.0 -0.9569403357322088 0.2902846772544624
endloop
endfacet
facet normal -1.739443457297154e-17 -0.9520626777139245 0.30590302009655346
outer loop
vertex -1.0 -0.9469301294951056 0.32143946530316175
vertex -1.0 -0.9569403357322088 0.2902846772544624
vertex 1.0 -0.9469301294951056 0.32143946530316186
endloop
endfacet
facet normal -1.698102881067828e-17 -0.9520626777139245 0.30590302009655346
outer loop
vertex 1.0 -0.9469301294951056 0.32143946530316186
vertex -1.0 -0.9569403357322088 0.2902846772544624
vertex 1.0 -0.9569403357322088 0.2902846772544625
endloop
endfacet
facet normal 1.0 0.0 0.0
outer loop
vertex 1.0 -0.9469301294951056 0.32143946530316186
vertex 1.0 -0.9569403357322088 0.2902846772544625
vertex 1.0 0.0 6.123233995736766e-17
endloop
endfacet
facet normal -1.0 -0.0 -0.0
outer loop
vertex -1.0 -0.9569403357322088 0.2902846772544624
vertex -1.0 0.0 -6.123233995736766e-17
vertex -1.0 -0.9659258262890681 0.25881904510252146
endloop
endfacet
facet normal -1.5737821756498472e-17 -0.9615617976829617 0.2745886181849334
outer loop
vertex -1.0 -0.9569403357322088 0.2902846772544624
vertex -1.0 -0.9659258262890681 0.25881904510252146
vertex 1.0 -0.9569403357322088 0.2902846772544625
endloop
endfacet
facet normal -1.524273031044595e-17 -0.9615617976829617 0.2745886181849334
outer loop
vertex 1.0 -0.9569403357322088 0.2902846772544625
vertex -1.0 -0.9659258262890681 0.25881904510252146
vertex 1.0 -0.9659258262890681 0.25881904510252157
endloop
endfacet
facet normal 1.0 0.0 0.0
outer loop
vertex 1.0 -0.9569403357322088 0.2902846772544625
vertex 1.0 -0.9659258262890681 0.25881904510252157
vertex 1.0 0.0 6.123233995736766e-17
endloop
endfacet
facet normal -1.0 -0.0 -0.0
outer loop
vertex -1.0 -0.9659258262890681 0.25881904510252146
vertex -1.0 0.0 -6.123233995736766e-17
vertex -1.0 -0.9738769792773335 0.22707626303437373
endloop
endfacet
facet normal -1.4081208940024565e-17 -0.9700312531945438 0.2429801799032646
outer loop
vertex -1.0 -0.9659258262890681 0.25881904510252146
vertex -1.0 -0.9738769792773335 0.22707626303437373
vertex 1.0 -0.9659258262890681 0.25881904510252157
endloop
endfacet
facet normal -1.3488109512808355e-17 -0.9700312531945438 0.2429801799032646
outer loop
vertex 1.0 -0.9659258262890681 0.25881904510252157
vertex -1.0 -0.9738769792773335 0.22707626303437373
vertex 1.0 -0.9738769792773335 0.22707626303437384
endloop
endfacet
facet normal 1.0 0.0 0.0
outer loop
vertex 1.0 -0.9659258262890681 0.25881904510252157
vertex 1.0 -0.9738769792773335 0.22707626303437384
vertex 1.0 0.0 6.123233995736766e-17
endloop
endfacet
facet normal -1.0 -0.0 -0.0
outer loop
vertex -1.0 -0.9738769792773335 0.22707626303437373
vertex -1.0 0.0 -6.123233995736766e-17
vertex -1.0 -0.9807852804032303 0.1950903220161286
endloop
endfacet
facet normal -1.2010442919432726e-17 -0.9774619749435722 0.211111552358964
outer loop
vertex -1.0 -0.9738769792773335 0.22707626303437373
vertex -1.0 -0.9807852804032303 0.1950903220161286
vertex 1.0 -0.9738769792773335 0.22707626303437384
endloop
endfacet
facet normal -1.1719045309664056e-17 -0.9774619749435722 0.211111552358964
outer loop
vertex 1.0 -0.9738769792773335 0.22707626303437384
vertex -1.0 -0.9807852804032303 0.1950903220161286
vertex 1.0 -0.9807852804032303 0.19509032201612872
endloop
endfacet
facet normal 1.0 0.0 0.0
outer loop
vertex 1.0 -0.9738769792773335 0.22707626303437384
vertex 1.0 -0.9807852804032303 0.19509032201612872
vertex 1.0 0.0 6.123233995736766e-17
endloop
endfacet
facet normal -1.0 -0.0 -0.0
outer loop
vertex -1.0 -0.9807852804032303 0.1950903220161286
vertex -1.0 0.0 -6.123233995736766e-17
vertex -1.0 -0.986643332084879 0.1628954733945889
endloop
endfacet
facet normal -9.939676898840869e-18 -0.983846005927077 0.17901686127663474
outer loop
vertex -1.0 -0.9807852804032303 0.1950903220161286
vertex -1.0 -0.986643332084879 0.1628954733945889
vertex 1.0 -0.9807852804032303 0.19509032201612872
endloop
endfacet
facet normal -9.937432059272374e-18 -0.983846005927077 0.17901686127663474
outer loop
vertex 1.0 -0.9807852804032303 0.19509032201612872
vertex -1.0 -0.986643332084879 0.1628954733945889
vertex 1.0 -0.986643332084879 0.162895473394589
endloop
endfacet
facet normal 1.0 0.0 0.0
outer loop
vertex 1.0 -0.9807852804032303 0.19509032201612872
vertex 1.0 -0.986643332084879 0.162895473394589
vertex 1.0 0.0 6.123233995736766e-17
endloop
endfacet
facet normal -1.0 -0.0 -0.0
outer loop
vertex -1.0 -0.986643332084879 0.1628954733945889
vertex -1.0 0.0 -6.123233995736766e-17
vertex -1.0 -0.9914448613738103 0.13052619222005243
endloop
endfacet
facet normal -7.868910878249231e-18 -0.9891765099647808 0.1467304744553614
outer loop
vertex -1.0 -0.986643332084879 0.1628954733945889
vertex -1.0 -0.9914448613738103 0.13052619222005243
vertex 1.0 -0.986643332084879 0.162895473394589
endloop
endfacet
facet normal -8.14517755772578e-18 -0.9891765099647808 0.1467304744553614
outer loop
vertex 1.0 -0.986643332084879 0.162895473394589
vertex -1.0 -0.9914448613738103 0.13052619222005243
vertex 1.0 -0.9914448613738103 0.13052619222005254
endloop
endfacet
facet normal 1.0 0.0 0.0
outer loop
vertex 1.0 -0.986643332084879 0.162895473394589
vertex 1.0 -0.9914448613738103 0.13052619222005254
vertex 1.0 0.0 6.123233995736766e-17
endloop
endfacet
facet normal -1.0 -0.0 -0.0
outer loop
vertex -1.0 -0.9914448613738103 0.13052619222005243
vertex -1.0 0.0 -6.123233995736766e-17
vertex -1.0 -0.9951847266721968 0.09801714032956128
endloop
endfacet
facet normal -6.2122980617755495e-18 -0.9934477790194444 0.11428696496684802
outer loop
vertex -1.0 -0.9914448613738103 0.13052619222005243
vertex -1.0 -0.9951847266721968 0.09801714032956128
vertex 1.0 -0.9914448613738103 0.13052619222005254
endloop
endfacet
facet normal -6.344200996036166e-18 -0.9934477790194444 0.11428696496684802
outer loop
vertex 1.0 -0.9914448613738103 0.13052619222005254
vertex -1.0 -0.9951847266721968 0.09801714032956128
vertex 1.0 -0.9951847266721968 0.0980171403295614
endloop
endfacet
facet normal 1.0 0.0 0.0
outer loop
vertex 1.0 -0.9914448613738103 0.13052619222005254
vertex 1.0 -0.9951847266721968 0.0980171403295614
vertex 1.0 0.0 6.123233995736766e-17
endloop
endfacet
facet normal -1.0 -0.0 -0.0
outer loop
vertex -1.0 -0.9951847266721968 0.09801714032956128
vertex -1.0 0.0 -6.123233995736766e-17
vertex -1.0 -0.9978589232386035 0.06540312923014356
endloop
endfacet
facet normal -4.5556852453020654e-18 -0.9966552393091802 0.081721074133669
outer loop
vertex -1.0 -0.9951847266721968 0.09801714032956128
vertex -1.0 -0.9978589232386035 0.06540312923014356
vertex 1.0 -0.9951847266721968 0.0980171403295614
endloop
endfacet
facet normal -4.536430905014932e-18 -0.9966552393091802 0.081721074133669
outer loop
vertex 1.0 -0.9951847266721968 0.0980171403295614
vertex -1.0 -0.9978589232386035 0.06540312923014356
vertex 1.0 -0.9978589232386035 0.06540312923014367
endloop
endfacet
facet normal 1.0 0.0 0.0
outer loop
vertex 1.0 -0.9951847266721968 0.0980171403295614
vertex 1.0 -0.9978589232386035 0.06540312923014367
vertex 1.0 0.0 6.123233995736766e-17
endloop
endfacet
facet normal -1.0 -0.0 -0.0
outer loop
vertex -1.0 -0.9978589232386035 0.06540312923014356
vertex -1.0 0.0 -6.123233995736766e-17
vertex -1.0 -0.9994645874763657 0.03271908282177645
endloop
endfacet
facet normal -2.691995826769402e-18 -0.9987954562051723 0.0490676743274198
outer loop
vertex -1.0 -0.9978589232386035 0.06540312923014356
vertex -1.0 -0.9994645874763657 0.03271908282177645
vertex 1.0 -0.9978589232386035 0.06540312923014367
endloop
endfacet
facet normal -3.0642784764249474e-18 -0.9987954562051723 0.04906767432741982
outer loop
vertex 1.0 -0.9978589232386035 0.06540312923014367
vertex -1.0 -0.9994645874763657 0.03271908282177645
vertex 1.0 -0.9994645874763657 0.032719082821776574
endloop
endfacet
facet normal 1.0 0.0 0.0
outer loop
vertex 1.0 -0.9978589232386035 0.06540312923014367
vertex 1.0 -0.9994645874763657 0.032719082821776574
vertex 1.0 0.0 6.123233995736766e-17
endloop
endfacet
facet normal -1.0 -0.0 -0.0
outer loop
vertex -1.0 -0.9994645874763657 0.03271908282177645
vertex -1.0 0.0 -6.123233995736766e-17
vertex -1.0 -1.0 1.224646799147353e-16
endloop
endfacet
facet normal -1.0353830102959241e-18 -0.9998661379095617 0.016361731626485465
outer loop
vertex -1.0 -0.9994645874763657 0.03271908282177645
vertex -1.0 -1.0 1.224646799147353e-16
vertex 1.0 -0.9994645874763657 0.032719082821776574
endloop
endfacet
facet normal -1.001867113244172e-18 -0.9998661379095617 0.016361731626485465
outer loop
vertex 1.0 -0.9994645874763657 0.032719082821776574
vertex -1.0 -1.0 1.224646799147353e-16
vertex 1.0 -1.0 2.4492935982947064e-16
endloop
endfacet
facet normal 1.0 0.0 0.0
outer loop
vertex 1.0 -0.9994645874763657 0.032719082821776574
vertex 1.0 -1.0 2.4492935982947064e-16
vertex 1.0 0.0 6.123233995736766e-17
endloop
endfacet
facet normal -1.0 0.0 -0.0
outer loop
vertex -1.0 -1.0 1.224646799147353e-16
vertex -1.0 0.0 -6.123233995736766e-17
vertex -1.0 -0.9994645874763657 -0.03271908282177532
endloop
endfacet
facet normal 9.318447092663568e-19 -0.9998661379095617 -0.016361731626485906
outer loop
vertex -1.0 -1.0 1.224646799147353e-16
vertex -1.0 -0.9994645874763657 -0.03271908282177532
vertex 1.0 -1.0 2.4492935982947064e-16
endloop
endfacet
facet normal 1.0217908785635026e-18 -0.9998661379095618 -0.01636173162648591
outer loop
vertex 1.0 -1.0 2.4492935982947064e-16
vertex -1.0 -0.9994645874763657 -0.03271908282177532
vertex 1.0 -0.9994645874763657 -0.03271908282177519
endloop
endfacet
facet normal 1.0 -0.0 0.0
outer loop
vertex 1.0 -1.0 2.4492935982947064e-16
vertex 1.0 -0.9994645874763657 -0.03271908282177519
vertex 1.0 0.0 6.123233995736766e-17
endloop
endfacet
facet normal -1.0 0.0 -0.0
outer loop
vertex -1.0 -0.9994645874763657 -0.03271908282177532
vertex -1.0 0.0 -6.123233995736766e-17
vertex -1.0 -0.9978589232386036 -0.06540312923014242
endloop
endfacet
facet normal 3.0026107298581808e-18 -0.9987954562051725 -0.049067674327416426
outer loop
vertex -1.0 -0.9994645874763657 -0.03271908282177532
vertex -1.0 -0.9978589232386036 -0.06540312923014242
vertex 1.0 -0.9994645874763657 -0.03271908282177519
endloop
endfacet
facet normal 2.7238030901553192e-18 -0.9987954562051724 -0.049067674327416405
outer loop
vertex 1.0 -0.9994645874763657 -0.03271908282177519
vertex -1.0 -0.9978589232386036 -0.06540312923014242
vertex 1.0 -0.9978589232386036 -0.06540312923014231
endloop
endfacet
facet normal 1.0 -0.0 0.0
outer loop
vertex 1.0 -0.9994645874763657 -0.03271908282177519
vertex 1.0 -0.9978589232386036 -0.06540312923014231
vertex 1.0 0.0 6.123233995736766e-17
endloop
endfacet
facet normal -1.0 0.0 -0.0
outer loop
vertex -1.0 -0.9978589232386036 -0.06540312923014242
vertex -1.0 0.0 -6.123233995736766e-17
vertex -1.0 -0.9951847266721969 -0.09801714032956015
endloop
endfacet
facet normal 4.5556852453020654e-18 -0.9966552393091802 -0.081721074133669
outer loop
vertex -1.0 -0.9978589232386036 -0.06540312923014242
vertex -1.0 -0.9951847266721969 -0.09801714032956015
vertex 1.0 -0.9978589232386036 -0.06540312923014231
endloop
endfacet
facet normal 4.536430905014932e-18 -0.9966552393091802 -0.081721074133669
outer loop
vertex 1.0 -0.9978589232386036 -0.06540312923014231
vertex -1.0 -0.9951847266721969 -0.09801714032956015
vertex 1.0 -0.9951847266721969 -0.09801714032956003
endloop
endfacet
facet normal 1.0 -0.0 0.0
outer loop
vertex 1.0 -0.9978589232386036 -0.06540312923014231
vertex 1.0 -0.9951847266721969 -0.09801714032956003
vertex 1.0 0.0 6.123233995736766e-17
endloop
endfacet
facet normal -1.0 0.0 -0.0
outer loop
vertex -1.0 -0.9951847266721969 -0.09801714032956015
vertex -1.0 0.0 -6.123233995736766e-17
vertex -1.0 -0.9914448613738105 -0.13052619222005132
endloop
endfacet
facet normal 6.41937466383473e-18 -0.9934477790194446 -0.11428696496684454
outer loop
vertex -1.0 -0.9951847266721969 -0.09801714032956015
vertex -1.0 -0.9914448613738105 -0.13052619222005132
vertex 1.0 -0.9951847266721969 -0.09801714032956003
endloop
endfacet
facet normal 6.3442009960359724e-18 -0.9934477790194446 -0.11428696496684454
outer loop
vertex 1.0 -0.9951847266721969 -0.09801714032956003
vertex -1.0 -0.9914448613738105 -0.13052619222005132
vertex 1.0 -0.9914448613738105 -0.1305261922200512
endloop
endfacet
facet normal 1.0 -0.0 0.0
outer loop
vertex 1.0 -0.9951847266721969 -0.09801714032956003
vertex 1.0 -0.9914448613738105 -0.1305261922200512
vertex 1.0 0.0 6.123233995736766e-17
endloop
endfacet
facet normal -1.0 0.0 -0.0
outer loop
vertex -1.0 -0.9914448613738105 -0.13052619222005132
vertex -1.0 0.0 -6.123233995736766e-17
vertex -1.0 -0.986643332084879 -0.16289547339458865
endloop
endfacet
facet normal 8.283064082367392e-18 -0.9891765099647807 -0.14673047445536425
outer loop
vertex -1.0 -0.9914448613738105 -0.13052619222005132
vertex -1.0 -0.986643332084879 -0.16289547339458865
vertex 1.0 -0.9914448613738105 -0.1305261922200512
endloop
endfacet
facet normal 8.145177557725938e-18 -0.9891765099647807 -0.14673047445536425
outer loop
vertex 1.0 -0.9914448613738105 -0.1305261922200512
vertex -1.0 -0.986643332084879 -0.16289547339458865
vertex 1.0 -0.986643332084879 -0.16289547339458854
endloop
endfacet
facet normal 1.0 -0.0 0.0
outer loop
vertex 1.0 -0.9914448613738105 -0.1305261922200512
vertex 1.0 -0.986643332084879 -0.16289547339458854
vertex 1.0 0.0 6.123233995736766e-17
endloop
endfacet
facet normal -1.0 0.0 -0.0
outer loop
vertex -1.0 -0.986643332084879 -0.16289547339458865
vertex -1.0 0.0 -6.123233995736766e-17
vertex -1.0 -0.9807852804032307 -0.19509032201612747
endloop
endfacet
facet normal 9.939676898841152e-18 -0.9838460059270779 -0.17901686127662966
outer loop
vertex -1.0 -0.986643332084879 -0.16289547339458865
vertex -1.0 -0.9807852804032307 -0.19509032201612747
vertex 1.0 -0.986643332084879 -0.16289547339458854
endloop
endfacet
facet normal 9.937432059272092e-18 -0.9838460059270779 -0.17901686127662966
outer loop
vertex 1.0 -0.986643332084879 -0.16289547339458854
vertex -1.0 -0.9807852804032307 -0.19509032201612747
vertex 1.0 -0.9807852804032307 -0.19509032201612736
endloop
endfacet
facet normal 1.0 -0.0 0.0
outer loop
vertex 1.0 -0.986643332084879 -0.16289547339458854
vertex 1.0 -0.9807852804032307 -0.19509032201612736
vertex 1.0 0.0 6.123233995736766e-17
endloop
endfacet
facet normal -1.0 0.0 -0.0
outer loop
vertex -1.0 -0.9807852804032307 -0.19509032201612747
vertex -1.0 0.0 -6.123233995736766e-17
vertex -1.0 -0.9738769792773339 -0.22707626303437262
endloop
endfacet
facet normal 1.2010442919432715e-17 -0.9774619749435722 -0.21111155235896384
outer loop
vertex -1.0 -0.9807852804032307 -0.19509032201612747
vertex -1.0 -0.9738769792773339 -0.22707626303437262
vertex 1.0 -0.9807852804032307 -0.19509032201612736
endloop
endfacet
facet normal 1.1719045309664047e-17 -0.9774619749435722 -0.21111155235896384
outer loop
vertex 1.0 -0.9807852804032307 -0.19509032201612736
vertex -1.0 -0.9738769792773339 -0.22707626303437262
vertex 1.0 -0.9738769792773339 -0.2270762630343725
endloop
endfacet
facet normal 1.0 -0.0 0.0
outer loop
vertex 1.0 -0.9807852804032307 -0.19509032201612736
vertex 1.0 -0.9738769792773339 -0.2270762630343725
vertex 1.0 0.0 6.123233995736766e-17
endloop
endfacet
facet normal -1.0 0.0 -0.0
outer loop
vertex -1.0 -0.9738769792773339 -0.22707626303437262
vertex -1.0 0.0 -6.123233995736766e-17
vertex -1.0 -0.9659258262890684 -0.25881904510252035
endloop
endfacet
facet normal 1.4081208940024565e-17 -0.9700312531945438 -0.2429801799032646
outer loop
vertex -1.0 -0.9738769792773339 -0.22707626303437262
vertex -1.0 -0.9659258262890684 -0.25881904510252035
vertex 1.0 -0.9738769792773339 -0.2270762630343725
endloop
endfacet
facet normal 1.3488109512808355e-17 -0.9700312531945438 -0.2429801799032646
outer loop
vertex 1.0 -0.9738769792773339 -0.2270762630343725
vertex -1.0 -0.9659258262890684 -0.25881904510252035
vertex 1.0 -0.9659258262890684 -0.25881904510252024
endloop
endfacet
facet normal 1.0 -0.0 0.0
outer loop
vertex 1.0 -0.9738769792773339 -0.2270762630343725
vertex 1.0 -0.9659258262890684 -0.25881904510252024
vertex 1.0 0.0 6.123233995736766e-17
endloop
endfacet
facet normal -1.0 0.0 -0.0
outer loop
vertex -1.0 -0.9659258262890684 -0.25881904510252035
vertex -1.0 0.0 -6.123233995736766e-17
vertex -1.0 -0.9569403357322089 -0.2902846772544621
endloop
endfacet
facet normal 1.573782175649806e-17 -0.9615617976829619 -0.274588618184933
outer loop
vertex -1.0 -0.9659258262890684 -0.25881904510252035
vertex -1.0 -0.9569403357322089 -0.2902846772544621
vertex 1.0 -0.9659258262890684 -0.25881904510252024
endloop
endfacet
facet normal 1.524273031044593e-17 -0.9615617976829619 -0.274588618184933
outer loop
vertex 1.0 -0.9659258262890684 -0.25881904510252024
vertex -1.0 -0.9569403357322089 -0.2902846772544621
vertex 1.0 -0.9569403357322089 -0.290284677254462
endloop
endfacet
facet normal 1.0 -0.0 0.0
outer loop
vertex 1.0 -0.9659258262890684 -0.25881904510252024
vertex 1.0 -0.9569403357322089 -0.290284677254462
vertex 1.0 0.0 6.123233995736766e-17
endloop
endfacet
facet normal -1.0 0.0 -0.0
outer loop
vertex -1.0 -0.9569403357322089 -0.2902846772544621
vertex -1.0 0.0 -6.123233995736766e-17
vertex -1.0 -0.9469301294951057 -0.32143946530316153
endloop
endfacet
facet normal 1.739443457297151e-17 -0.9520626777139245 -0.3059030200965529
outer loop
vertex -1.0 -0.9569403357322089 -0.2902846772544621
vertex -1.0 -0.9469301294951057 -0.32143946530316153
vertex 1.0 -0.9569403357322089 -0.290284677254462
endloop
endfacet
facet normal 1.698102881067825e-17 -0.9520626777139245 -0.3059030200965529
outer loop
vertex 1.0 -0.9569403357322089 -0.290284677254462
vertex -1.0 -0.9469301294951057 -0.32143946530316153
vertex 1.0 -0.9469301294951057 -0.3214394653031614
endloop
endfacet
facet normal 1.0 -0.0 0.0
outer loop
vertex 1.0 -0.9569403357322089 -0.290284677254462
vertex 1.0 -0.9469301294951057 -0.3214394653031614
vertex 1.0 0.0 6.123233995736766e-17
endloop
endfacet
facet normal -1.0 0.0 -0.0
outer loop
vertex -1.0 -0.9469301294951057 -0.32143946530316153
vertex -1.0 0.0 -6.123233995736766e-17
vertex -1.0 -0.935905926757326 -0.35225004792123277
endloop
endfacet
facet normal 1.8222740981208776e-17 -0.9415440651830208 -0.3368898533922198
outer loop
vertex -1.0 -0.9469301294951057 -0.32143946530316153
vertex -1.0 -0.935905926757326 -0.35225004792123277
vertex 1.0 -0.9469301294951057 -0.3214394653031614
endloop
endfacet
facet normal 1.870114359993179e-17 -0.9415440651830208 -0.3368898533922198
outer loop
vertex 1.0 -0.9469301294951057 -0.3214394653031614
vertex -1.0 -0.935905926757326 -0.35225004792123277
vertex 1.0 -0.935905926757326 -0.35225004792123266
endloop
endfacet
facet normal 1.0 -0.0 0.0
outer loop
vertex 1.0 -0.9469301294951057 -0.3214394653031614
vertex 1.0 -0.935905926757326 -0.35225004792123266
vertex 1.0 0.0 6.123233995736766e-17
endloop
endfacet
facet normal -1.0 0.0 -0.0
outer loop
vertex -1.0 -0.935905926757326 -0.35225004792123277
vertex -1.0 0.0 -6.123233995736766e-17
vertex -1.0 -0.923879532511287 -0.3826834323650892
endloop
endfacet
facet normal 1.9879353797681728e-17 -0.9300172236840121 -0.36751593659470344
outer loop
vertex -1.0 -0.935905926757326 -0.35225004792123277
vertex -1.0 -0.923879532511287 -0.3826834323650892
vertex 1.0 -0.935905926757326 -0.35225004792123266
endloop
endfacet
facet normal 2.0401232736205945e-17 -0.9300172236840121 -0.36751593659470344
outer loop
vertex 1.0 -0.935905926757326 -0.35225004792123266
vertex -1.0 -0.923879532511287 -0.3826834323650892
vertex 1.0 -0.923879532511287 -0.3826834323650891
endloop
endfacet
facet normal 1.0 -0.0 0.0
outer loop
vertex 1.0 -0.935905926757326 -0.35225004792123266
vertex 1.0 -0.923879532511287 -0.3826834323650891
vertex 1.0 0.0 6.123233995736766e-17
endloop
endfacet
facet normal -1.0 0.0 -0.0
outer loop
vertex -1.0 -0.923879532511287 -0.3826834323650892
vertex -1.0 0.0 -6.123233995736766e-17
vertex -1.0 -0.910863824921176 -0.4127070298043944
endloop
endfacet
facet normal 2.236427302239196e-17 -0.9174944964474921 -0.3977484745270091
outer loop
vertex -1.0 -0.923879532511287 -0.3826834323650892
vertex -1.0 -0.910863824921176 -0.4127070298043944
vertex 1.0 -0.923879532511287 -0.3826834323650891
endloop
endfacet
facet normal 2.2079475721470905e-17 -0.9174944964474921 -0.3977484745270091
outer loop
vertex 1.0 -0.923879532511287 -0.3826834323650891
vertex -1.0 -0.910863824921176 -0.4127070298043944
vertex 1.0 -0.910863824921176 -0.4127070298043943
endloop
endfacet
facet normal 1.0 -0.0 0.0
outer loop
vertex 1.0 -0.923879532511287 -0.3826834323650891
vertex 1.0 -0.910863824921176 -0.4127070298043943
vertex 1.0 0.0 6.123233995736766e-17
endloop
endfacet
facet normal -1.0 0.0 -0.0
outer loop
vertex -1.0 -0.910863824921176 -0.4127070298043944
vertex -1.0 0.0 -6.123233995736766e-17
vertex -1.0 -0.8968727415326885 -0.4422886902190011
endloop
endfacet
facet normal 2.402088583886547e-17 -0.9039892931234439 -0.42755509343028086
outer loop
vertex -1.0 -0.910863824921176 -0.4127070298043944
vertex -1.0 -0.8968727415326885 -0.4422886902190011
vertex 1.0 -0.910863824921176 -0.4127070298043943
endloop
endfacet
facet normal 2.373407545110289e-17 -0.9039892931234439 -0.42755509343028086
outer loop
vertex 1.0 -0.910863824921176 -0.4127070298043943
vertex -1.0 -0.8968727415326885 -0.4422886902190011
vertex 1.0 -0.8968727415326885 -0.44228869021900097
endloop
endfacet
facet normal 1.0 -0.0 0.0
outer loop
vertex 1.0 -0.910863824921176 -0.4127070298043943
vertex 1.0 -0.8968727415326885 -0.44228869021900097
vertex 1.0 0.0 6.123233995736766e-17
endloop
endfacet
facet normal -1.0 0.0 -0.0
outer loop
vertex -1.0 -0.8968727415326885 -0.4422886902190011
vertex -1.0 0.0 -6.123233995736766e-17
vertex -1.0 -0.8819212643483555 -0.47139673682599686
endloop
endfacet
facet normal 2.5677498655339572e-17 -0.8895160754218558 -0.45690387563042084
outer loop
vertex -1.0 -0.8968727415326885 -0.4422886902190011
vertex -1.0 -0.8819212643483555 -0.47139673682599686
vertex 1.0 -0.8968727415326885 -0.44228869021900097
endloop
endfacet
facet normal 2.536326013826811e-17 -0.8895160754218558 -0.45690387563042084
outer loop
vertex 1.0 -0.8968727415326885 -0.44228869021900097
vertex -1.0 -0.8819212643483555 -0.47139673682599686
vertex 1.0 -0.8819212643483555 -0.47139673682599675
endloop
endfacet
facet normal 1.0 -0.0 0.0
outer loop
vertex 1.0 -0.8968727415326885 -0.44228869021900097
vertex 1.0 -0.8819212643483555 -0.47139673682599675
vertex 1.0 0.0 6.123233995736766e-17
endloop
endfacet
facet normal -1.0 0.0 -0.0
outer loop
vertex -1.0 -0.8819212643483555 -0.47139673682599686
vertex -1.0 0.0 -6.123233995736766e-17
vertex -1.0 -0.866025403784439 -0.4999999999999994
endloop
endfacet
facet normal 2.6505805063575658e-17 -0.8740903416267592 -0.4857633937163395
outer loop
vertex -1.0 -0.8819212643483555 -0.47139673682599686
vertex -1.0 -0.866025403784439 -0.4999999999999994
vertex 1.0 -0.8819212643483555 -0.47139673682599675
endloop
endfacet
facet normal 2.696528521119676e-17 -0.8740903416267592 -0.4857633937163395
outer loop
vertex 1.0 -0.8819212643483555 -0.47139673682599675
vertex -1.0 -0.866025403784439 -0.4999999999999994
vertex 1.0 -0.866025403784439 -0.4999999999999993
endloop
endfacet
facet normal 1.0 -0.0 0.0
outer loop
vertex 1.0 -0.8819212643483555 -0.47139673682599675
vertex 1.0 -0.866025403784439 -0.4999999999999993
vertex 1.0 0.0 6.123233995736766e-17
endloop
endfacet
facet normal -1.0 0.0 -0.0
outer loop
vertex -1.0 -0.866025403784439 -0.4999999999999994
vertex -1.0 0.0 -6.123233995736766e-17
vertex -1.0 -0.8492021815265792 -0.5280678506503675
endloop
endfacet
facet normal 2.8162417880049155e-17 -0.8577286100002727 -0.5141027441932209
outer loop
vertex -1.0 -0.866025403784439 -0.4999999999999994
vertex -1.0 -0.8492021815265792 -0.5280678506503675
vertex 1.0 -0.866025403784439 -0.4999999999999993
endloop
endfacet
facet normal 5.707687036262924e-17 -0.8577286100002716 -0.5141027441932223
outer loop
vertex 1.0 -0.866025403784439 -0.4999999999999993
vertex -1.0 -0.8492021815265792 -0.5280678506503675
vertex 1.0 -0.8492021815265792 -0.5280678506503673
endloop
endfacet
facet normal 1.0 -0.0 0.0
outer loop
vertex 1.0 -0.866025403784439 -0.4999999999999993
vertex 1.0 -0.8492021815265792 -0.5280678506503673
vertex 1.0 0.0 6.123233995736766e-17
endloop
endfacet
facet normal -0.9999999999999999 0.0 -0.0
outer loop
vertex -1.0 -0.8492021815265792 -0.5280678506503675
vertex -1.0 0.0 -6.123233995736766e-17
vertex -1.0 -0.8314696123025455 -0.555570233019602
endloop
endfacet
facet normal 5.963806139304517e-17 -0.840448401094438 -0.5418915805747516
outer loop
vertex -1.0 -0.8492021815265792 -0.5280678506503675
vertex -1.0 -0.8314696123025455 -0.555570233019602
vertex 1.0 -0.8492021815265792 -0.5280678506503673
endloop
endfacet
facet normal 6.016205096046075e-17 -0.840448401094438 -0.5418915805747516
outer loop
vertex 1.0 -0.8492021815265792 -0.5280678506503673
vertex -1.0 -0.8314696123025455 -0.555570233019602
vertex 1.0 -0.8314696123025455 -0.5555702330196017
endloop
endfacet
facet normal 1.0 -0.0 0.0
outer loop
vertex 1.0 -0.8492021815265792 -0.5280678506503673
vertex 1.0 -0.8314696123025455 -0.5555702330196017
vertex 1.0 0.0 6.123233995736766e-17
endloop
endfacet
facet normal -1.0 0.0 -0.0
outer loop
vertex -1.0 -0.8314696123025455 -0.555570233019602
vertex -1.0 0.0 -6.123233995736766e-17
vertex -1.0 -0.8128466845916154 -0.582477696867802
endloop
endfacet
facet normal 6.460789984246568e-17 -0.8222682189897756 -0.5691001458788977
outer loop
vertex -1.0 -0.8314696123025455 -0.555570233019602
vertex -1.0 -0.8128466845916154 -0.582477696867802
vertex 1.0 -0.8314696123025455 -0.5555702330196017
endloop
endfacet
facet normal 6.318280852722876e-17 -0.8222682189897756 -0.5691001458788977
outer loop
vertex 1.0 -0.8314696123025455 -0.5555702330196017
vertex -1.0 -0.8128466845916154 -0.582477696867802
vertex 1.0 -0.8128466845916154 -0.5824776968678018
endloop
endfacet
facet normal 1.0 -0.0 0.0
outer loop
vertex 1.0 -0.8314696123025455 -0.5555702330196017
vertex 1.0 -0.8128466845916154 -0.5824776968678018
vertex 1.0 0.0 6.123233995736766e-17
endloop
endfacet
facet normal -1.0 0.0 -0.0
outer loop
vertex -1.0 -0.8128466845916154 -0.582477696867802
vertex -1.0 0.0 -6.123233995736766e-17
vertex -1.0 -0.7933533402912357 -0.60876142900872
endloop
endfacet
facet normal 6.62645126589409e-17 -0.803207531480645 -0.595699304492433
outer loop
vertex -1.0 -0.8128466845916154 -0.582477696867802
vertex -1.0 -0.7933533402912357 -0.60876142900872
vertex 1.0 -0.8128466845916154 -0.5824776968678018
endloop
endfacet
facet normal 6.613590836006911e-17 -0.803207531480645 -0.595699304492433
outer loop
vertex 1.0 -0.8128466845916154 -0.5824776968678018
vertex -1.0 -0.7933533402912357 -0.60876142900872
vertex 1.0 -0.7933533402912357 -0.6087614290087198
endloop
endfacet
facet normal 1.0 -0.0 0.0
outer loop
vertex 1.0 -0.8128466845916154 -0.5824776968678018
vertex 1.0 -0.7933533402912357 -0.6087614290087198
vertex 1.0 0.0 6.123233995736766e-17
endloop
endfacet
facet normal -0.9999999999999999 0.0 -0.0
outer loop
vertex -1.0 -0.7933533402912357 -0.60876142900872
vertex -1.0 0.0 -6.123233995736766e-17
vertex -1.0 -0.7730104533627374 -0.634393284163645
endloop
endfacet
facet normal 6.957773829188607e-17 -0.7832867492286515 -0.621660573370076
outer loop
vertex -1.0 -0.7933533402912357 -0.60876142900872
vertex -1.0 -0.7730104533627374 -0.634393284163645
vertex 1.0 -0.7933533402912357 -0.6087614290087198
endloop
endfacet
facet normal 6.901818820571348e-17 -0.7832867492286515 -0.621660573370076
outer loop
vertex 1.0 -0.7933533402912357 -0.6087614290087198
vertex -1.0 -0.7730104533627374 -0.634393284163645
vertex 1.0 -0.7730104533627374 -0.6343932841636448
endloop
endfacet
facet normal 1.0 -0.0 0.0
outer loop
vertex 1.0 -0.7933533402912357 -0.6087614290087198
vertex 1.0 -0.7730104533627374 -0.6343932841636448
vertex 1.0 0.0 6.123233995736766e-17
endloop
endfacet
facet normal -1.0 0.0 -0.0
outer loop
vertex -1.0 -0.7730104533627374 -0.634393284163645
vertex -1.0 0.0 -6.123233995736766e-17
vertex -1.0 -0.7518398074789778 -0.6593458151000685
endloop
endfacet
facet normal 7.289096392483324e-17 -0.7625272039063887 -0.6469561525348567
outer loop
vertex -1.0 -0.7730104533627374 -0.634393284163645
vertex -1.0 -0.7518398074789778 -0.6593458151000685
vertex 1.0 -0.7730104533627374 -0.6343932841636448
endloop
endfacet
facet normal 7.182656164671028e-17 -0.7625272039063887 -0.6469561525348567
outer loop
vertex 1.0 -0.7730104533627374 -0.6343932841636448
vertex -1.0 -0.7518398074789778 -0.6593458151000685
vertex 1.0 -0.7518398074789778 -0.6593458151000683
endloop
endfacet
facet normal 1.0 -0.0 0.0
outer loop
vertex 1.0 -0.7730104533627374 -0.6343932841636448
vertex 1.0 -0.7518398074789778 -0.6593458151000683
vertex 1.0 0.0 6.123233995736766e-17
endloop
endfacet
facet normal -0.9999999999999999 0.0 -0.0
outer loop
vertex -1.0 -0.7518398074789778 -0.6593458151000685
vertex -1.0 0.0 -6.123233995736766e-17
vertex -1.0 -0.7298640726978359 -0.6835923020228711
endloop
endfacet
facet normal 7.454757674130635e-17 -0.7409511253549594 -0.6715589548470178
outer loop
vertex -1.0 -0.7518398074789778 -0.6593458151000685
vertex -1.0 -0.7298640726978359 -0.6835923020228711
vertex 1.0 -0.7518398074789778 -0.6593458151000683
endloop
endfacet
facet normal 7.45580214064365e-17 -0.7409511253549594 -0.6715589548470178
outer loop
vertex 1.0 -0.7518398074789778 -0.6593458151000683
vertex -1.0 -0.7298640726978359 -0.6835923020228711
vertex 1.0 -0.7298640726978359 -0.6835923020228709
endloop
endfacet
facet normal 1.0 -0.0 0.0
outer loop
vertex 1.0 -0.7518398074789778 -0.6593458151000683
vertex 1.0 -0.7298640726978359 -0.6835923020228709
vertex 1.0 0.0 6.123233995736766e-17
endloop
endfacet
facet normal -1.0 0.0 -0.0
outer loop
vertex -1.0 -0.7298640726978359 -0.6835923020228711
vertex -1.0 0.0 -6.123233995736766e-17
vertex -1.0 -0.7071067811865477 -0.7071067811865475
endloop
endfacet
facet normal 7.620418955778012e-17 -0.7185816177796974 -0.6954426350096121
outer loop
vertex -1.0 -0.7298640726978359 -0.6835923020228711
vertex -1.0 -0.7071067811865477 -0.7071067811865475
vertex 1.0 -0.7298640726978359 -0.6835923020228709
endloop
endfacet
facet normal 7.720964256936603e-17 -0.7185816177796974 -0.6954426350096121
outer loop
vertex 1.0 -0.7298640726978359 -0.6835923020228709
vertex -1.0 -0.7071067811865477 -0.7071067811865475
vertex 1.0 -0.7071067811865477 -0.7071067811865472
endloop
endfacet
facet normal 1.0 -0.0 0.0
outer loop
vertex 1.0 -0.7298640726978359 -0.6835923020228709
vertex 1.0 -0.7071067811865477 -0.7071067811865472
vertex 1.0 0.0 6.123233995736766e-17
endloop
endfacet
facet normal -1.0 0.0 -0.0
outer loop
vertex -1.0 -0.7071067811865477 -0.7071067811865475
vertex -1.0 0.0 -6.123233995736766e-17
vertex -1.0 -0.683592302022872 -0.7298640726978352
endloop
endfacet
facet normal 8.117402800720273e-17 -0.6954426350096137 -0.7185816177796963
outer loop
vertex -1.0 -0.7071067811865477 -0.7071067811865475
vertex -1.0 -0.683592302022872 -0.7298640726978352
vertex 1.0 -0.7071067811865477 -0.7071067811865472
endloop
endfacet
facet normal 7.977858571314126e-17 -0.6954426350096137 -0.7185816177796963
outer loop
vertex 1.0 -0.7071067811865477 -0.7071067811865472
vertex -1.0 -0.683592302022872 -0.7298640726978352
vertex 1.0 -0.683592302022872 -0.7298640726978349
endloop
endfacet
facet normal 1.0 -0.0 0.0
outer loop
vertex 1.0 -0.7071067811865477 -0.7071067811865472
vertex 1.0 -0.683592302022872 -0.7298640726978349
vertex 1.0 0.0 6.123233995736766e-17
endloop
endfacet
facet normal -0.9999999999999999 0.0 -0.0
outer loop
vertex -1.0 -0.683592302022872 -0.7298640726978352
vertex -1.0 0.0 -6.123233995736766e-17
vertex -1.0 -0.6593458151000694 -0.751839807478977
endloop
endfacet
facet normal 8.283064082367372e-17 -0.6715589548470178 -0.7409511253549594
outer loop
vertex -1.0 -0.683592302022872 -0.7298640726978352
vertex -1.0 -0.6593458151000694 -0.751839807478977
vertex 1.0 -0.683592302022872 -0.7298640726978349
endloop
endfacet
facet normal 8.226209994909966e-17 -0.6715589548470178 -0.7409511253549594
outer loop
vertex 1.0 -0.683592302022872 -0.7298640726978349
vertex -1.0 -0.6593458151000694 -0.751839807478977
vertex 1.0 -0.6593458151000694 -0.7518398074789768
endloop
endfacet
facet normal 1.0 -0.0 0.0
outer loop
vertex 1.0 -0.683592302022872 -0.7298640726978349
vertex 1.0 -0.6593458151000694 -0.7518398074789768
vertex 1.0 0.0 6.123233995736766e-17
endloop
endfacet
facet normal -1.0 0.0 -0.0
outer loop
vertex -1.0 -0.6593458151000694 -0.751839807478977
vertex -1.0 0.0 -6.123233995736766e-17
vertex -1.0 -0.6343932841636459 -0.7730104533627368
endloop
endfacet
facet normal 8.448725364014745e-17 -0.6469561525348587 -0.7625272039063871
outer loop
vertex -1.0 -0.6593458151000694 -0.751839807478977
vertex -1.0 -0.6343932841636459 -0.7730104533627368
vertex 1.0 -0.6593458151000694 -0.7518398074789768
endloop
endfacet
facet normal 8.465752586799125e-17 -0.6469561525348587 -0.7625272039063871
outer loop
vertex 1.0 -0.6593458151000694 -0.7518398074789768
vertex -1.0 -0.6343932841636459 -0.7730104533627368
vertex 1.0 -0.6343932841636459 -0.7730104533627365
endloop
endfacet
facet normal 1.0 -0.0 0.0
outer loop
vertex 1.0 -0.6593458151000694 -0.7518398074789768
vertex 1.0 -0.6343932841636459 -0.7730104533627365
vertex 1.0 0.0 6.123233995736766e-17
endloop
endfacet
facet normal -1.0 0.0 -0.0
outer loop
vertex -1.0 -0.6343932841636459 -0.7730104533627368
vertex -1.0 0.0 -6.123233995736766e-17
vertex -1.0 -0.6087614290087209 -0.793353340291235
endloop
endfacet
facet normal 8.780047927309431e-17 -0.621660573370076 -0.7832867492286515
outer loop
vertex -1.0 -0.6343932841636459 -0.7730104533627368
vertex -1.0 -0.6087614290087209 -0.793353340291235
vertex 1.0 -0.6343932841636459 -0.7730104533627365
endloop
endfacet
facet normal 8.6962298387744e-17 -0.621660573370076 -0.7832867492286515
outer loop
vertex 1.0 -0.6343932841636459 -0.7730104533627365
vertex -1.0 -0.6087614290087209 -0.793353340291235
vertex 1.0 -0.6087614290087209 -0.7933533402912348
endloop
endfacet
facet normal 1.0 -0.0 0.0
outer loop
vertex 1.0 -0.6343932841636459 -0.7730104533627365
vertex 1.0 -0.6087614290087209 -0.7933533402912348
vertex 1.0 0.0 6.123233995736766e-17
endloop
endfacet
facet normal -1.0 0.0 -0.0
outer loop
vertex -1.0 -0.6087614290087209 -0.793353340291235
vertex -1.0 0.0 -6.123233995736766e-17
vertex -1.0 -0.5824776968678023 -0.8128466845916152
endloop
endfacet
facet normal 8.945709208956785e-17 -0.5956993044924341 -0.8032075314806442
outer loop
vertex -1.0 -0.6087614290087209 -0.793353340291235
vertex -1.0 -0.5824776968678023 -0.8128466845916152
vertex 1.0 -0.6087614290087209 -0.7933533402912348
endloop
endfacet
facet normal 8.917394950021464e-17 -0.5956993044924341 -0.8032075314806442
outer loop
vertex 1.0 -0.6087614290087209 -0.7933533402912348
vertex -1.0 -0.5824776968678023 -0.8128466845916152
vertex 1.0 -0.5824776968678023 -0.812846684591615
endloop
endfacet
facet normal 1.0 -0.0 0.0
outer loop
vertex 1.0 -0.6087614290087209 -0.7933533402912348
vertex 1.0 -0.5824776968678023 -0.812846684591615
vertex 1.0 0.0 6.123233995736766e-17
endloop
endfacet
facet normal -1.0 0.0 -0.0
outer loop
vertex -1.0 -0.5824776968678023 -0.8128466845916152
vertex -1.0 0.0 -6.123233995736766e-17
vertex -1.0 -0.555570233019603 -0.8314696123025449
endloop
endfacet
facet normal 9.111370490604382e-17 -0.5691001458788996 -0.8222682189897742
outer loop
vertex -1.0 -0.5824776968678023 -0.8128466845916152
vertex -1.0 -0.555570233019603 -0.8314696123025449
vertex 1.0 -0.5824776968678023 -0.812846684591615
endloop
endfacet
facet normal 9.129011091399677e-17 -0.5691001458788996 -0.8222682189897742
outer loop
vertex 1.0 -0.5824776968678023 -0.812846684591615
vertex -1.0 -0.555570233019603 -0.8314696123025449
vertex 1.0 -0.555570233019603 -0.8314696123025447
endloop
endfacet
facet normal 1.0 -0.0 0.0
outer loop
vertex 1.0 -0.5824776968678023 -0.812846684591615
vertex 1.0 -0.555570233019603 -0.8314696123025447
vertex 1.0 0.0 6.123233995736766e-17
endloop
endfacet
facet normal -1.0 0.0 -0.0
outer loop
vertex -1.0 -0.555570233019603 -0.8314696123025449
vertex -1.0 0.0 -6.123233995736766e-17
vertex -1.0 -0.5280678506503687 -0.8492021815265787
endloop
endfacet
facet normal 9.359862413075172e-17 -0.5418915805747533 -0.8404484010944372
outer loop
vertex -1.0 -0.555570233019603 -0.8314696123025449
vertex -1.0 -0.5280678506503687 -0.8492021815265787
vertex 1.0 -0.555570233019603 -0.8314696123025447
endloop
endfacet
facet normal 9.330851659044428e-17 -0.5418915805747533 -0.8404484010944372
outer loop
vertex 1.0 -0.555570233019603 -0.8314696123025447
vertex -1.0 -0.5280678506503687 -0.8492021815265787
vertex 1.0 -0.5280678506503687 -0.8492021815265784
endloop
endfacet
facet normal 1.0 -0.0 0.0
outer loop
vertex 1.0 -0.555570233019603 -0.8314696123025447
vertex 1.0 -0.5280678506503687 -0.8492021815265784
vertex 1.0 0.0 6.123233995736766e-17
endloop
endfacet
facet normal -1.0 0.0 -0.0
outer loop
vertex -1.0 -0.5280678506503687 -0.8492021815265787
vertex -1.0 0.0 -6.123233995736766e-17
vertex -1.0 -0.5000000000000004 -0.8660254037844385
endloop
endfacet
facet normal 9.525523694722494e-17 -0.5141027441932201 -0.857728610000273
outer loop
vertex -1.0 -0.5280678506503687 -0.8492021815265787
vertex -1.0 -0.5000000000000004 -0.8660254037844385
vertex 1.0 -0.5280678506503687 -0.8492021815265784
endloop
endfacet
facet normal 9.522700517020344e-17 -0.5141027441932201 -0.857728610000273
outer loop
vertex 1.0 -0.5280678506503687 -0.8492021815265784
vertex -1.0 -0.5000000000000004 -0.8660254037844385
vertex 1.0 -0.5000000000000004 -0.8660254037844383
endloop
endfacet
facet normal 1.0 -0.0 0.0
outer loop
vertex 1.0 -0.5280678506503687 -0.8492021815265784
vertex 1.0 -0.5000000000000004 -0.8660254037844383
vertex 1.0 0.0 6.123233995736766e-17
endloop
endfacet
facet normal -1.0 0.0 -0.0
outer loop
vertex -1.0 -0.5000000000000004 -0.8660254037844385
vertex -1.0 0.0 -6.123233995736766e-17
vertex -1.0 -0.471396736825998 -0.8819212643483549
endloop
endfacet
facet normal 9.691184976369864e-17 -0.4857633937163402 -0.8740903416267588
outer loop
vertex -1.0 -0.5000000000000004 -0.8660254037844385
vertex -1.0 -0.471396736825998 -0.8819212643483549
vertex 1.0 -0.5000000000000004 -0.8660254037844383
endloop
endfacet
facet normal 9.704352228764965e-17 -0.4857633937163402 -0.8740903416267588
outer loop
vertex 1.0 -0.5000000000000004 -0.8660254037844383
vertex -1.0 -0.471396736825998 -0.8819212643483549
vertex 1.0 -0.471396736825998 -0.8819212643483547
endloop
endfacet
facet normal 1.0 -0.0 0.0
outer loop
vertex 1.0 -0.5000000000000004 -0.8660254037844383
vertex 1.0 -0.471396736825998 -0.8819212643483547
vertex 1.0 0.0 6.123233995736766e-17
endloop
endfacet
facet normal -1.0 0.0 -0.0
outer loop
vertex -1.0 -0.471396736825998 -0.8819212643483549
vertex -1.0 0.0 -6.123233995736766e-17
vertex -1.0 -0.44228869021900225 -0.8968727415326879
endloop
endfacet
facet normal 9.856846258017463e-17 -0.45690387563042156 -0.8895160754218555
outer loop
vertex -1.0 -0.471396736825998 -0.8819212643483549
vertex -1.0 -0.44228869021900225 -0.8968727415326879
vertex 1.0 -0.471396736825998 -0.8819212643483547
endloop
endfacet
facet normal 9.875612277075513e-17 -0.45690387563042156 -0.8895160754218555
outer loop
vertex 1.0 -0.471396736825998 -0.8819212643483547
vertex -1.0 -0.44228869021900225 -0.8968727415326879
vertex 1.0 -0.44228869021900225 -0.8968727415326877
endloop
endfacet
facet normal 1.0 -0.0 0.0
outer loop
vertex 1.0 -0.471396736825998 -0.8819212643483547
vertex 1.0 -0.44228869021900225 -0.8968727415326877
vertex 1.0 0.0 6.123233995736766e-17
endloop
endfacet
facet normal -0.9999999999999999 3.0432661368660483e-15 -1.5007727755914526e-15
outer loop
vertex -1.0 -0.44228869021900225 -0.8968727415326879
vertex -1.0 0.0 -6.123233995736766e-17
vertex -0.9999999999999999 -0.4127070298043955 -0.9108638249211756
endloop
endfacet
facet normal 1.0022507539664529e-16 -0.42755509343028303 -0.9039892931234429
outer loop
vertex -1.0 -0.44228869021900225 -0.8968727415326879
vertex -0.9999999999999999 -0.4127070298043955 -0.9108638249211756
vertex 1.0 -0.44228869021900225 -0.8968727415326877
endloop
endfacet
facet normal 1.003629727240266e-16 -0.42755509343028303 -0.9039892931234429
outer loop
vertex 1.0 -0.44228869021900225 -0.8968727415326877
vertex -0.9999999999999999 -0.4127070298043955 -0.9108638249211756
vertex 1.0 -0.4127070298043955 -0.9108638249211753
endloop
endfacet
facet normal 0.9999999999999999 -0.0 0.0
outer loop
vertex 1.0 -0.44228869021900225 -0.8968727415326877
vertex 1.0 -0.4127070298043955 -0.9108638249211753
vertex 1.0 0.0 6.123233995736766e-17
endloop
endfacet
facet normal -1.0 -4.41648634438867e-17 -1.0187598882511637e-16
outer loop
vertex -0.9999999999999999 -0.4127070298043955 -0.9108638249211756
vertex -1.0 0.0 -6.123233995736766e-17
vertex -0.9999999999999999 -0.3826834323650904 -0.9238795325112866
endloop
endfacet
facet normal 1.0188168821311896e-16 -0.3977484745270126 -0.9174944964474906
outer loop
vertex -0.9999999999999999 -0.4127070298043955 -0.9108638249211756
vertex -0.9999999999999999 -0.3826834323650904 -0.9238795325112866
vertex 1.0 -0.4127070298043955 -0.9108638249211753
endloop
endfacet
facet normal 1.018623514922868e-16 -0.3977484745270126 -0.9174944964474906
outer loop
vertex 1.0 -0.4127070298043955 -0.9108638249211753
vertex -0.9999999999999999 -0.3826834323650904 -0.9238795325112866
vertex 1.0 -0.3826834323650904 -0.9238795325112864
endloop
endfacet
facet normal 1.0 -0.0 0.0
outer loop
vertex 1.0 -0.4127070298043955 -0.9108638249211753
vertex 1.0 -0.3826834323650904 -0.9238795325112864
vertex 1.0 0.0 6.123233995736766e-17
endloop
endfacet
facet normal -1.0 -4.080792810697485e-17 -1.032664769696749e-16
outer loop
vertex -0.9999999999999999 -0.3826834323650904 -0.9238795325112866
vertex -1.0 0.0 -6.123233995736766e-17
vertex -0.9999999999999999 -0.352250047921234 -0.9359059267573256
endloop
endfacet
facet normal 1.0353830102959251e-16 -0.3675159365947041 -0.930017223684012
outer loop
vertex -0.9999999999999999 -0.3826834323650904 -0.9238795325112866
vertex -0.9999999999999999 -0.352250047921234 -0.9359059267573256
vertex 1.0 -0.3826834323650904 -0.9238795325112864
endloop
endfacet
facet normal 1.0325265350319545e-16 -0.3675159365947041 -0.930017223684012
outer loop
vertex 1.0 -0.3826834323650904 -0.9238795325112864
vertex -0.9999999999999999 -0.352250047921234 -0.9359059267573256
vertex 1.0 -0.352250047921234 -0.9359059267573254
endloop
endfacet
facet normal 1.0 -0.0 0.0
outer loop
vertex 1.0 -0.3826834323650904 -0.9238795325112864
vertex 1.0 -0.352250047921234 -0.9359059267573254
vertex 1.0 0.0 6.123233995736766e-17
endloop
endfacet
facet normal -0.9999999999999999 -3.740729461851887e-17 -1.0454638478415076e-16
outer loop
vertex -0.9999999999999999 -0.352250047921234 -0.9359059267573256
vertex -1.0 0.0 -6.123233995736766e-17
vertex -0.9999999999999999 -0.32143946530316186 -0.9469301294951057
endloop
endfacet
facet normal 1.0519491384606581e-16 -0.3368898533922203 -0.9415440651830208
outer loop
vertex -0.9999999999999999 -0.352250047921234 -0.9359059267573256
vertex -0.9999999999999999 -0.32143946530316186 -0.9469301294951057
vertex 1.0 -0.352250047921234 -0.9359059267573254
endloop
endfacet
facet normal 1.0453238998653589e-16 -0.3368898533922203 -0.9415440651830208
outer loop
vertex 1.0 -0.352250047921234 -0.9359059267573254
vertex -0.9999999999999999 -0.32143946530316186 -0.9469301294951057
vertex 1.0 -0.32143946530316186 -0.9469301294951055
endloop
endfacet
facet normal 1.0 -0.0 0.0
outer loop
vertex 1.0 -0.352250047921234 -0.9359059267573254
vertex 1.0 -0.32143946530316186 -0.9469301294951055
vertex 1.0 0.0 6.123233995736766e-17
endloop
endfacet
facet normal -1.0 -3.396660446203508e-17 -1.0571434171119861e-16
outer loop
vertex -0.9999999999999999 -0.32143946530316186 -0.9469301294951057
vertex -1.0 0.0 -6.123233995736766e-17
vertex -0.9999999999999999 -0.29028467725446333 -0.9569403357322087
endloop
endfacet
facet normal 1.0519491384606873e-16 -0.3059030200965546 -0.9520626777139238
outer loop
vertex -0.9999999999999999 -0.32143946530316186 -0.9469301294951057
vertex -0.9999999999999999 -0.29028467725446333 -0.9569403357322087
vertex 1.0 -0.32143946530316186 -0.9469301294951055
endloop
endfacet
facet normal 1.0570019056842781e-16 -0.3059030200965546 -0.9520626777139238
outer loop
vertex 1.0 -0.32143946530316186 -0.9469301294951055
vertex -0.9999999999999999 -0.29028467725446333 -0.9569403357322087
vertex 1.0 -0.29028467725446333 -0.9569403357322085
endloop
endfacet
facet normal 1.0 -0.0 0.0
outer loop
vertex 1.0 -0.32143946530316186 -0.9469301294951055
vertex 1.0 -0.29028467725446333 -0.9569403357322085
vertex 1.0 0.0 6.123233995736766e-17
endloop
endfacet
facet normal -1.0 -3.048954201472243e-17 -1.0676909707328644e-16
outer loop
vertex -0.9999999999999999 -0.29028467725446333 -0.9569403357322087
vertex -1.0 0.0 -6.123233995736766e-17
vertex -0.9999999999999999 -0.25881904510252157 -0.9659258262890682
endloop
endfacet
facet normal 1.0685152666253944e-16 -0.274588618184933 -0.9615617976829619
outer loop
vertex -0.9999999999999999 -0.29028467725446333 -0.9569403357322087
vertex -0.9999999999999999 -0.25881904510252157 -0.9659258262890682
vertex 1.0 -0.29028467725446333 -0.9569403357322085
endloop
endfacet
facet normal 1.0675480473875808e-16 -0.274588618184933 -0.9615617976829619
outer loop
vertex 1.0 -0.29028467725446333 -0.9569403357322085
vertex -0.9999999999999999 -0.25881904510252157 -0.9659258262890682
vertex 1.0 -0.25881904510252157 -0.965925826289068
endloop
endfacet
facet normal 1.0 -0.0 0.0
outer loop
vertex 1.0 -0.29028467725446333 -0.9569403357322085
vertex 1.0 -0.25881904510252157 -0.965925826289068
vertex 1.0 0.0 6.123233995736766e-17
endloop
endfacet
facet normal -1.0 -2.697983060214079e-17 -1.0770952141195408e-16
outer loop
vertex -0.9999999999999999 -0.25881904510252157 -0.9659258262890682
vertex -1.0 0.0 -6.123233995736766e-17
vertex -0.9999999999999999 -0.22707626303437384 -0.9738769792773336
endloop
endfacet
facet normal 1.0850813947901283e-16 -0.2429801799032646 -0.9700312531945438
outer loop
vertex -0.9999999999999999 -0.25881904510252157 -0.9659258262890682
vertex -0.9999999999999999 -0.22707626303437384 -0.9738769792773336
vertex 1.0 -0.25881904510252157 -0.965925826289068
endloop
endfacet
facet normal 1.0769510319025774e-16 -0.2429801799032646 -0.9700312531945438
outer loop
vertex 1.0 -0.25881904510252157 -0.965925826289068
vertex -0.9999999999999999 -0.22707626303437384 -0.9738769792773336
vertex 1.0 -0.22707626303437384 -0.9738769792773334
endloop
endfacet
facet normal 1.0 -0.0 0.0
outer loop
vertex 1.0 -0.25881904510252157 -0.965925826289068
vertex 1.0 -0.22707626303437384 -0.9738769792773334
vertex 1.0 0.0 6.123233995736766e-17
endloop
endfacet
facet normal -1.0 -2.344122851117907e-17 -1.0853460769726446e-16
outer loop
vertex -0.9999999999999999 -0.22707626303437384 -0.9738769792773336
vertex -1.0 0.0 -6.123233995736766e-17
vertex -0.9999999999999999 -0.19509032201612872 -0.9807852804032304
endloop
endfacet
facet normal 1.085081394790129e-16 -0.211111552358964 -0.9774619749435722
outer loop
vertex -0.9999999999999999 -0.22707626303437384 -0.9738769792773336
vertex -0.9999999999999999 -0.19509032201612872 -0.9807852804032304
vertex 1.0 -0.22707626303437384 -0.9738769792773334
endloop
endfacet
facet normal 1.0852007902779317e-16 -0.211111552358964 -0.9774619749435722
outer loop
vertex 1.0 -0.22707626303437384 -0.9738769792773334
vertex -0.9999999999999999 -0.19509032201612872 -0.9807852804032304
vertex 1.0 -0.19509032201612872 -0.9807852804032302
endloop
endfacet
facet normal 1.0 -0.0 0.0
outer loop
vertex 1.0 -0.22707626303437384 -0.9738769792773334
vertex 1.0 -0.19509032201612872 -0.9807852804032302
vertex 1.0 0.0 6.123233995736766e-17
endloop
endfacet
facet normal -1.0 -1.9877524965589386e-17 -1.0924347240615698e-16
outer loop
vertex -0.9999999999999999 -0.19509032201612872 -0.9807852804032304
vertex -1.0 0.0 -6.123233995736766e-17
vertex -0.9999999999999999 -0.162895473394589 -0.9866433320848791
endloop
endfacet
facet normal 1.0933644588724956e-16 -0.17901686127663474 -0.983846005927077
outer loop
vertex -0.9999999999999999 -0.19509032201612872 -0.9807852804032304
vertex -0.9999999999999999 -0.162895473394589 -0.9866433320848791
vertex 1.0 -0.19509032201612872 -0.9807852804032302
endloop
endfacet
facet normal 1.0922884884657392e-16 -0.17901686127663474 -0.983846005927077
outer loop
vertex 1.0 -0.19509032201612872 -0.9807852804032302
vertex -0.9999999999999999 -0.162895473394589 -0.9866433320848791
vertex 1.0 -0.162895473394589 -0.9866433320848789
endloop
endfacet
facet normal 1.0 -0.0 0.0
outer loop
vertex 1.0 -0.19509032201612872 -0.9807852804032302
vertex 1.0 -0.162895473394589 -0.9866433320848789
vertex 1.0 0.0 6.123233995736766e-17
endloop
endfacet
facet normal -1.0 -1.629253606838824e-17 -1.0983535646854652e-16
outer loop
vertex -0.9999999999999999 -0.162895473394589 -0.9866433320848791
vertex -1.0 0.0 -6.123233995736766e-17
vertex -0.9999999999999999 -0.13052619222005257 -0.9914448613738104
endloop
endfacet
facet normal 1.0975059909137098e-16 -0.14673047445536155 -0.989176509964781
outer loop
vertex -0.9999999999999999 -0.162895473394589 -0.9866433320848791
vertex -0.9999999999999999 -0.13052619222005257 -0.9914448613738104
vertex 1.0 -0.162895473394589 -0.9866433320848789
endloop
endfacet
facet normal 1.0982065367812555e-16 -0.14673047445536155 -0.989176509964781
outer loop
vertex 1.0 -0.162895473394589 -0.9866433320848789
vertex -0.9999999999999999 -0.13052619222005257 -0.9914448613738104
vertex 1.0 -0.13052619222005257 -0.9914448613738102
endloop
endfacet
facet normal 1.0 -0.0 0.0
outer loop
vertex 1.0 -0.162895473394589 -0.9866433320848789
vertex 1.0 -0.13052619222005257 -0.9914448613738102
vertex 1.0 0.0 6.123233995736766e-17
endloop
endfacet
facet normal -1.0 -1.2690100715481968e-17 -1.1030962608015374e-16
outer loop
vertex -0.9999999999999999 -0.13052619222005257 -0.9914448613738104
vertex -1.0 0.0 -6.123233995736766e-17
vertex -0.9999999999999999 -0.0980171403295614 -0.9951847266721969
endloop
endfacet
facet normal 1.1037182889754547e-16 -0.1142869649668479 -0.9934477790194441
outer loop
vertex -0.9999999999999999 -0.13052619222005257 -0.9914448613738104
vertex -0.9999999999999999 -0.0980171403295614 -0.9951847266721969
vertex 1.0 -0.13052619222005257 -0.9914448613738102
endloop
endfacet
facet normal 1.1029485980301114e-16 -0.1142869649668479 -0.9934477790194441
outer loop
vertex 1.0 -0.13052619222005257 -0.9914448613738102
vertex -0.9999999999999999 -0.0980171403295614 -0.9951847266721969
vertex 1.0 -0.0980171403295614 -0.9951847266721967
endloop
endfacet
facet normal 1.0 -0.0 0.0
outer loop
vertex 1.0 -0.13052619222005257 -0.9914448613738102
vertex 1.0 -0.0980171403295614 -0.9951847266721967
vertex 1.0 0.0 6.123233995736766e-17
endloop
endfacet
facet normal -1.0 -9.074076484876928e-18 -1.1066577338119953e-16
outer loop
vertex -0.9999999999999999 -0.0980171403295614 -0.9951847266721969
vertex -1.0 0.0 -6.123233995736766e-17
vertex -0.9999999999999999 -0.06540312923014367 -0.9978589232386036
endloop
endfacet
facet normal 1.1078598210166385e-16 -0.081721074133669 -0.9966552393091802
outer loop
vertex -0.9999999999999999 -0.0980171403295614 -0.9951847266721969
vertex -0.9999999999999999 -0.06540312923014367 -0.9978589232386036
vertex 1.0 -0.0980171403295614 -0.9951847266721967
endloop
endfacet
facet normal 1.1065095942943473e-16 -0.081721074133669 -0.9966552393091802
outer loop
vertex 1.0 -0.0980171403295614 -0.9951847266721967
vertex -0.9999999999999999 -0.06540312923014367 -0.9978589232386036
vertex 1.0 -0.06540312923014367 -0.9978589232386034
endloop
endfacet
facet normal 1.0 -0.0 0.0
outer loop
vertex 1.0 -0.0980171403295614 -0.9951847266721967
vertex 1.0 -0.06540312923014367 -0.9978589232386034
vertex 1.0 0.0 6.123233995736766e-17
endloop
endfacet
facet normal -1.0 -5.448335505891245e-18 -1.1090341700023335e-16
outer loop
vertex -0.9999999999999999 -0.06540312923014367 -0.9978589232386036
vertex -1.0 0.0 -6.123233995736766e-17
vertex -0.9999999999999999 -0.032719082821776574 -0.9994645874763658
endloop
endfacet
facet normal 1.108895204026935e-16 -0.04906767432741982 -0.9987954562051723
outer loop
vertex -0.9999999999999999 -0.06540312923014367 -0.9978589232386036
vertex -0.9999999999999999 -0.032719082821776574 -0.9994645874763658
vertex 1.0 -0.06540312923014367 -0.9978589232386034
endloop
endfacet
facet normal 1.1088857123699695e-16 -0.04906767432741982 -0.9987954562051723
outer loop
vertex 1.0 -0.06540312923014367 -0.9978589232386034
vertex -0.9999999999999999 -0.032719082821776574 -0.9994645874763658
vertex 1.0 -0.032719082821776574 -0.9994645874763656
endloop
endfacet
facet normal 1.0 -0.0 0.0
outer loop
vertex 1.0 -0.06540312923014367 -0.9978589232386034
vertex 1.0 -0.032719082821776574 -0.9994645874763656
vertex 1.0 0.0 6.123233995736766e-17
endloop
endfacet
facet normal -1.0 -1.816760312779081e-18 -1.1102230246251568e-16
outer loop
vertex -0.9999999999999999 -0.032719082821776574 -0.9994645874763658
vertex -1.0 0.0 -6.123233995736766e-17
vertex -0.9999999999999999 0.0 -1.0
endloop
endfacet
facet normal 1.1104482785423702e-16 -0.016361731626481947 -0.9998661379095618
outer loop
vertex -0.9999999999999999 -0.032719082821776574 -0.9994645874763658
vertex -0.9999999999999999 0.0 -1.0
vertex 1.0 -0.032719082821776574 -0.9994645874763656
endloop
endfacet
facet normal 5.550372039251138e-17 -0.01636173162648534 -0.9998661379095618
outer loop
vertex 1.0 -0.032719082821776574 -0.9994645874763656
vertex -0.9999999999999999 0.0 -1.0
vertex 1.0 0.0 -0.9999999999999999
endloop
endfacet
facet normal 1.0 -0.0 0.0
outer loop
vertex 1.0 -0.032719082821776574 -0.9994645874763656
vertex 1.0 0.0 -0.9999999999999999
vertex 1.0 0.0 6.123233995736766e-17
endloop
endfacet

endsolid
